#,Symbol,Name,Weekly Closing Range,Current Price,Price % Chg,Volume (1000s),Price $ Chg,Industry Name,Ind Group Rank,EPS Rating,RS Rating,Vol % Chg vs 50-Day,SMR Rating,A/D Rating,Comp Rating,Market Cap (mil)
"1","FA","First Advantage Corp.","79","24.01","-0.46","2,578","-0.11","Comml Svcs-Staffing","1","89","95","36.7","C","A+","99","4,137.5"
"4","KFRC","Kforce Inc.","75","59.09","0.94","221","0.55","Comml Svcs-Staffing","1","42","96","-3.7","C","A+","90","1,048.4"
"3","KFY","Korn Ferry","80","84.07","1.69","424","1.40","Comml Svcs-Staffing","1","61","80","-24.1","B","A+","94","4,204.3"
"2","RCRUY","Recruit Holdings Co. Ltd. ADR","87","19.41","19.89","223","3.22","Comml Svcs-Staffing","1","95","98","-57.3","B","A+","99","110,208.0"
"5","SN","SharkNinja Inc.","93","185.52","3.11","1,476","5.59","Hsehold-Appliances/Wares","2","94","96","-17.2","A","A+","99","25,347.0"
"7","CRWD","CrowdStrike Holdings Inc. Cl A","82","214.42","3.39","5,882","7.03","Computer Sftwr-Security","3","91","97","-57.4","C","A","99","211,176.8"
"8","FTNT","Fortinet Inc.","10","159.64","-0.29","4,827","-0.47","Computer Sftwr-Security","3","96","98","-39.4","A","C","99","117,474.9"
"11","GEN","Gen Digital Inc.","80","29.17","3.81","11,325","1.07","Computer Sftwr-Security","3","65","78","92.0","A","A+","95","16,820.0"
"13","MITK","Mitek Systems Inc.","48","18.49","9.99","2,079","1.68","Computer Sftwr-Security","3","88","94","129.1","B","D","93","759.1"
"9","OKTA","Okta Inc. Cl A","72","148.32","3.35","2,121","4.81","Computer Sftwr-Security","3","86","96","-44.2","B","A","99","24,943.1"
"6","PANW","Palo Alto Networks Inc.","72","363.86","1.22","4,811","4.37","Computer Sftwr-Security","3","88","98","-42.4","A","A+","99","292,984.3"
"10","QLYS","Qualys Inc.","67","183.48","0.94","743","1.70","Computer Sftwr-Security","3","90","94","-8.0","A","A+","99","6,288.7"
"12","S","SentinelOne Inc.","95","21.40","3.08","5,996","0.64","Computer Sftwr-Security","3","76","88","-26.9","C","A+","94","7,116.6"
"14","ZBRA","Zebra Technologies Corp. Cl A","92","376.49","3.36","734","12.25","Business Equip & Supplies","4","91","89","-25.8","B","A+","99","17,232.4"
"15","GRMN","Garmin Ltd.","89","310.89","2.99","900","9.02","Consumer Prod-Electronic","5","94","89","-4.9","A","A","99","58,216.4"
"17","CDNA","CareDx Inc.","41","46.69","4.20","967","1.88","Medical-Services","6","65","99","-8.1","B","A+","98","2,318.2"
"16","DGX","Quest Diagnostics Inc.","89","238.35","-0.06","574","-0.15","Medical-Services","6","77","86","-38.5","A","A","98","26,324.0"
"18","EHC","Encompass Health Corp.","90","125.23","0.33","955","0.41","Medical-Services","6","76","71","-14.7","A","A+","97","12,382.0"
"25","GH","Guardant Health Inc.","95","168.48","6.92","2,194","10.90","Medical-Services","6","15","98","-17.9","D","B","73","21,146.6"
"24","GRDN","Guardian Pharmacy Services Inc. Cl A","59","43.83","11.05","1,045","4.36","Medical-Services","6","58","91","169.5","C","E","80","2,499.3"
"23","HNGE","Hinge Health Inc. Cl A","93","89.33","11.55","2,563","9.25","Medical-Services","6","39","96","22.2","B","D","80","6,196.6"
"19","LH","Labcorp Holdings Inc.","96","319.17","0.83","429","2.64","Medical-Services","6","76","78","-40.0","B","A+","96","25,670.6"
"20","NEO","NeoGenomics Inc.","98","16.57","6.49","1,347","1.01","Medical-Services","6","69","97","-59.0","C","A+","96","1,999.1"
"22","NTRA","Natera Inc.","99","322.10","21.37","3,387","56.72","Medical-Services","6","40","96","147.3","C","A+","91","38,006.5"
"26","PSNL","Personalis Inc.","93","14.16","8.67","3,212","1.13","Medical-Services","6","10","97","-21.6","E","A","67","1,391.6"
"21","SHC","Sotera Health Co.","54","18.86","-0.26","3,376","-0.05","Medical-Services","6","70","78","21.6","B","A+","95","5,392.5"
"27","WSM","Williams-Sonoma Inc.","94","251.78","1.98","996","4.89","Retail - Home Furnishings/Electronics","7","62","86","-7.1","B","A+","96","29,070.5"
"29","ANET","Arista Networks Inc.","37","188.67","-1.90","7,207","-3.65","Computer-Networking","8","96","76","-15.0","A","B+","98","242,558.7"
"30","CSCO","Cisco Systems Inc.","73","121.43","0.46","15,965","0.55","Computer-Networking","8","58","94","-36.8","A","C+","92","476,440.6"
"28","DGII","Digi International Inc.","71","81.70","-1.58","540","-1.31","Computer-Networking","8","93","97","41.4","B","A","99","3,150.1"
"37","APPS","Digital Turbine Inc.","86","14.34","0.49","4,644","0.07","Comp Sftwr - Enterprise","9","80","99","-32.4","D","A","97","1,726.9"
"39","DT","Dynatrace Inc.","54","48.97","0.20","5,107","0.10","Comp Sftwr - Enterprise","9","90","73","-3.6","A","A+","96","14,123.5"
"40","FIVN","Five9 Inc.","98","33.99","19.81","7,892","5.62","Comp Sftwr - Enterprise","9","80","92","167.8","C","A+","95","2,172.1"
"38","FROG","JFrog Ltd.","60","89.52","7.80","4,370","6.48","Comp Sftwr - Enterprise","9","95","97","60.4","C","C","96","10,057.8"
"41","GLBE","Global-E Online Ltd.","94","42.32","3.17","1,233","1.30","Comp Sftwr - Enterprise","9","79","81","-28.4","B","A+","94","6,890.0"
"36","MSFT","Microsoft Corp.","83","499.99","0.03","28,846","0.13","Comp Sftwr - Enterprise","9","93","63","-40.2","A","A+","97","3,711,733.0"
"34","NET","Cloudflare Inc. Cl A","50","300.27","5.57","8,768","15.84","Comp Sftwr - Enterprise","9","97","89","158.1","C","A","98","101,007.6"
"35","RNG","RingCentral Inc. Cl A","81","63.01","1.92","2,947","1.19","Comp Sftwr - Enterprise","9","90","97","51.6","D","A+","98","5,162.4"
"33","SHOP","Shopify Inc.","94","151.57","2.80","13,405","4.13","Comp Sftwr - Enterprise","9","96","69","26.1","A","A+","98","189,415.6"
"31","SNOW","Snowflake Inc.","98","330.49","3.93","6,217","12.49","Comp Sftwr - Enterprise","9","94","94","-11.5","C","A+","99","110,218.8"
"32","TWLO","Twilio Inc. Cl A","80","241.28","24.89","8,126","48.08","Comp Sftwr - Enterprise","9","94","95","270.5","B","A-","99","29,322.7"
"42","SWK","Stanley Black & Decker Inc.","94","103.89","2.82","2,958","2.85","Building - Tools","10","90","92","17.4","D","A+","98","15,258.7"
"59","ANRO","Alto Neuroscience Inc.","78","28.67","0.70","336","0.20","Medical - Development Biotech","11","20","93","-36.7","E","C","64","1,106.6"
"63","BCAX","Bicara Therapeutics Inc.","88","28.06","2.00","571","0.55","Medical - Development Biotech","11","14","94","-19.9","E","B-","60","1,807.5"
"56","CLDX","Celldex Therapeutics Inc.","79","41.71","0.36","809","0.15","Medical - Development Biotech","11","11","93","-23.9","E","A+","68","3,262.1"
"67","DFTX","Definium Therapeutics Inc.","57","46.14","0.00","2,547","0.00","Medical - Development Biotech","11","5","99","-17.9","E","D","52","6,124.8"
"55","DNTH","Dianthus Therapeutics Inc.","53","108.92","-0.91","570","-1.00","Medical - Development Biotech","11","17","96","-51.2","E","B","69","6,148.3"
"66","DRTS","Alpha Tau Medical Ltd.","81","13.14","1.15","297","0.15","Medical - Development Biotech","11","10","99","-63.7","E","D","54","1,173.3"
"46","ELVN","Enliven Therapeutics Inc.","81","60.46","0.32","696","0.19","Medical - Development Biotech","11","28","98","-61.7","E","A","77","4,416.0"
"43","ETON","Eton Pharmaceuticals Inc.","23","44.60","-3.42","278","-1.58","Medical - Development Biotech","11","80","98","-40.8","C","A-","96","1,265.0"
"47","FBRX","Forte Biosciences Inc.","82","76.79","-0.05","1,164","-0.04","Medical - Development Biotech","11","25","99","-12.6","E","A","77","1,574.2"
"54","GHRS","GH Research PLC","71","30.27","-1.21","337","-0.37","Medical - Development Biotech","11","8","97","19.9","E","A+","70","2,100.6"
"50","IMVT","Immunovant Inc.","89","39.95","0.53","906","0.21","Medical - Development Biotech","11","22","97","-37.0","E","A+","74","8,202.4"
"58","KYMR","Kymera Therapeutics Inc.","93","107.52","1.04","464","1.11","Medical - Development Biotech","11","38","95","-45.9","E","D","64","8,848.1"
"65","LBRX","LB Pharmaceuticals Inc.","89","48.00","-0.37","269","-0.18","Medical - Development Biotech","11","7","98","-17.9","E","C","59","1,381.6"
"51","MBX","MBX Biosciences Inc.","52","67.82","1.06","546","0.71","Medical - Development Biotech","11","21","99","-34.9","E","A","74","3,194.3"
"48","MNPR","Monopar Therapeutics Inc.","72","119.21","-0.83","223","-1.00","Medical - Development Biotech","11","26","98","3.6","E","A+","77","805.3"
"52","NRIX","Nurix Therapeutics Inc.","89","25.53","1.23","730","0.31","Medical - Development Biotech","11","11","97","-69.1","E","A+","73","2,617.4"
"49","ORKA","Oruka Therapeutics Inc.","84","98.82","0.41","309","0.40","Medical - Development Biotech","11","23","99","-75.7","E","B+","74","5,935.9"
"60","PVLA","Palvella Therapeutics Inc.","89","157.77","1.83","182","2.84","Medical - Development Biotech","11","6","96","-30.2","E","B","63","2,232.3"
"53","RAPP","Rapport Therapeutics Inc.","70","45.49","-1.86","246","-0.86","Medical - Development Biotech","11","20","96","-34.0","E","A","72","2,223.8"
"57","ROIV","Roivant Sciences Ltd.","97","36.34","3.47","6,743","1.22","Medical - Development Biotech","11","26","96","22.3","E","D","65","25,370.9"
"61","RVMD","Revolution Medicines Inc.","97","205.15","3.71","1,665","7.34","Medical - Development Biotech","11","5","98","-36.8","E","C+","61","42,397.9"
"44","SEPN","Septerna Inc.","76","38.83","-1.77","304","-0.70","Medical - Development Biotech","11","63","98","-33.3","D","C","87","1,781.8"
"64","SION","Sionna Therapeutics Inc.","58","51.04","2.88","748","1.43","Medical - Development Biotech","11","20","90","53.5","E","C","59","2,239.9"
"45","SYRE","Spyre Therapeutics Inc.","79","104.91","1.44","527","1.49","Medical - Development Biotech","11","30","99","-59.9","E","A","78","9,118.9"
"62","TRVI","Trevi Therapeutics Inc.","57","18.51","0.05","2,195","0.01","Medical - Development Biotech","11","21","95","-21.5","E","C-","60","2,626.6"
"68","CGNX","Cognex Corp.","31","66.89","-0.73","2,382","-0.49","Elec-Scientific/Msrng","12","96","87","-6.7","A","C-","96","11,213.3"
"69","EMR","Emerson Electric Co.","55","158.26","0.86","2,827","1.35","Elec-Scientific/Msrng","12","76","67","-26.8","B","A-","92","87,524.4"
"71","HON","Honeywell International Inc.","58","246.21","2.27","2,838","5.47","Elec-Scientific/Msrng","12","49","62","-72.6","B","C","75","76,300.1"
"70","KEYS","Keysight Technologies Inc.","88","340.97","1.19","852","4.01","Elec-Scientific/Msrng","12","78","77","-44.0","A","D","88","57,584.9"
"75","AVGO","Broadcom Inc.","95","427.76","1.71","14,698","7.20","Elec-Semicondctor Fablss","13","96","63","-52.0","A","B","94","2,000,871.7"
"73","CRDO","Credo Technology Group Holding Ltd.","100","249.89","8.45","4,266","19.46","Elec-Semicondctor Fablss","13","82","95","-47.1","A","C","96","42,970.1"
"72","NVDA","NVIDIA Corp.","97","223.96","2.27","105,669","4.97","Elec-Semicondctor Fablss","13","99","72","-28.2","A","A-","99","5,299,558.1"
"74","SITM","SiTime Corp.","85","725.28","5.50","726","37.78","Elec-Semicondctor Fablss","13","99","96","32.5","C","C+","96","18,147.8"
"77","APH","Amphenol Corp. Cl A","66","169.18","-0.84","6,061","-1.43","Electronic-Parts","14","99","84","-28.9","A","C-","98","210,359.3"
"78","AVT","Avnet Inc.","73","96.53","-0.28","1,578","-0.27","Electronic-Parts","14","82","92","22.6","C","B","94","7,939.9"
"79","KN","Knowles Corp.","68","39.08","-0.79","720","-0.31","Electronic-Parts","14","91","92","-43.5","C","D+","93","3,364.3"
"76","NVEC","NVE Corp.","68","125.94","-2.70","154","-3.49","Electronic-Parts","14","76","97","-40.4","A","A","99","626.1"
"82","ADUS","Addus HomeCare Corp.","89","119.68","0.76","163","0.90","Medical - Home & Nursing Care","16","75","68","-37.3","B","A+","94","2,218.1"
"81","NHC","National Healthcare Corp.","50","215.54","-1.78","129","-3.91","Medical - Home & Nursing Care","16","92","95","-3.8","B","D","95","3,427.7"
"80","PACS","PACS Group Inc.","90","48.44","3.79","969","1.77","Medical - Home & Nursing Care","16","76","98","3.2","B","B+","98","7,389.5"
"85","BAC","Bank of America Corp.","65","63.17","0.27","22,619","0.17","Banks-Money Center","17","85","79","-40.0","B","A+","98","440,543.2"
"86","BCS","Barclays PLC ADR","33","27.93","0.23","1,939","0.06","Banks-Money Center","17","90","79","-61.9","A","B-","97","94,374.9"
"88","BNPQY","BNP Paribas S.A. ADR","45","64.87","0.05","235","0.03","Banks-Money Center","17","86","88","-32.9","B","B+","97","143,476.5"
"91","BNY","Bank of New York Mellon Corp.","59","157.61","-0.76","2,793","-1.21","Banks-Money Center","17","96","88","-40.2","B","E","94","107,760.0"
"98","C","Citigroup Inc.","47","135.00","0.88","10,160","1.18","Banks-Money Center","17","93","71","-39.1","B","E","84","229,488.9"
"96","GS","Goldman Sachs Group Inc.","48","1,039.61","0.68","1,429","7.03","Banks-Money Center","17","98","76","-37.5","A","E","89","300,657.8"
"93","HSBC","HSBC Holdings PLC ADR","32","103.73","1.14","1,514","1.17","Banks-Money Center","17","92","87","2.1","B","D","94","351,983.3"
"84","JPM","JPMorgan Chase & Co.","55","357.52","0.34","4,565","1.22","Banks-Money Center","17","88","73","-51.8","A","A","98","954,709.9"
"95","MFG","Mizuho Financial Group Inc. ADR","78","10.71","0.19","2,777","0.02","Banks-Money Center","17","88","91","-31.5","A","E","94","130,978.6"
"89","MS","Morgan Stanley","69","216.33","1.21","5,226","2.58","Banks-Money Center","17","97","80","-9.8","A","D","95","335,708.5"
"90","MUFG","Mitsubishi UFJ Financial Group Inc. ADR","64","22.49","-0.13","2,197","-0.03","Banks-Money Center","17","91","90","-34.8","B","D","95","252,572.0"
"83","NWG","NatWest Group PLC ADR","49","19.19","0.79","2,221","0.15","Banks-Money Center","17","94","79","-53.5","A","B+","99","76,196.2"
"92","RY","Royal Bank of Canada","66","211.08","-0.17","691","-0.37","Banks-Money Center","17","87","87","-57.8","A","D","94","293,943.1"
"87","SAN","Banco Santander S.A. ADR","65","14.70","0.34","15,074","0.05","Banks-Money Center","17","93","88","66.2","B","B-","97","217,738.9"
"94","SMFG","Sumitomo Mitsui Financial Group Inc. ADR","82","25.74","0.04","1,541","0.01","Banks-Money Center","17","92","89","-20.3","B","D","94","163,641.1"
"99","TD","Toronto-Dominion Bank","74","121.31","0.11","3,179","0.13","Banks-Money Center","17","58","86","-26.3","B","E","81","204,802.4"
"97","UBS","UBS Group AG","88","53.76","1.74","1,912","0.92","Banks-Money Center","17","69","83","-2.3","B","C","89","160,878.8"
"101","ABNB","Airbnb Inc. Cl A","99","178.07","17.43","15,915","26.43","Leisure-Travel Booking","18","42","90","347.9","A","A+","95","91,394.2"
"102","BKNG","Booking Holdings Inc.","95","214.42","3.39","7,208","7.03","Leisure-Travel Booking","18","86","65","-80.6","B","A+","93","155,828.8"
"100","EXPE","Expedia Group Inc.","38","310.68","1.34","1,620","4.11","Leisure-Travel Booking","18","99","88","-11.3","A","A","99","36,795.0"
"105","AEHR","Aehr Test Systems","78","103.07","3.34","1,578","3.33","Elec-Semiconductor Equip","19","37","94","-32.3","D","D","66","3,253.6"
"104","ASML","ASML Holding N.V.","89","1,740.99","2.15","1,065","36.62","Elec-Semiconductor Equip","19","89","91","-44.1","A","E","93","658,285.5"
"103","ATEYY","Advantest Corp. ADR","62","206.66","-0.38","124","-0.78","Elec-Semiconductor Equip","19","99","87","-20.0","A","C","98","145,174.7"
"108","ALRM","Alarm.Com Holdings Inc.","91","57.53","2.20","507","1.24","Security/Sfty","20","91","73","-6.4","A","A+","97","2,784.1"
"106","CXW","CoreCivic Inc.","69","32.27","0.09","1,204","0.03","Security/Sfty","20","89","96","-48.5","B","B+","98","3,188.2"
"109","FSS","Federal Signal Corp.","37","128.21","0.30","310","0.38","Security/Sfty","20","96","52","-46.5","A","A-","95","7,802.9"
"107","GEO","GEO Group Inc.","56","30.69","1.82","1,578","0.55","Security/Sfty","20","86","96","-23.1","B","B-","97","4,027.3"
"110","MSA","MSA Safety Inc.","78","194.19","0.12","471","0.23","Security/Sfty","20","86","66","33.2","A","B","93","7,482.6"
"112","A","Agilent Technologies Inc.","98","145.97","3.28","1,525","4.63","Medical - Research","21","59","71","-19.0","A","A+","89","39,918.9"
"114","CRL","Charles River Laboratories International Inc.","99","267.49","0.75","612","1.98","Medical - Research","21","38","92","-29.6","D","A+","84","12,675.1"
"113","IQV","IQVIA Holdings Inc.","99","238.70","2.70","1,054","6.27","Medical - Research","21","50","76","-36.4","B","A+","88","38,258.0"
"111","MEDP","Medpace Holdings Inc.","86","590.67","0.97","136","5.66","Medical - Research","21","95","74","-62.6","A","A-","97","16,328.6"
"115","NUE","Nucor Corp.","74","272.63","0.23","1,045","0.63","Steel-Producers","22","79","92","-36.8","B","B","96","61,945.5"
"116","STLD","Steel Dynamics Inc.","61","262.45","0.37","995","0.97","Steel-Producers","22","77","88","-23.9","B","C","90","37,477.4"
"117","TX","TERNIUM S.A. ADR","92","53.90","3.87","941","2.01","Steel-Producers","22","49","90","58.3","D","A","86","10,186.4"
"118","BRC","Brady Corp. Cl A","64","97.02","-1.24","114","-1.22","Elec-Misc Products","23","86","78","-61.0","A","B","97","4,628.4"
"119","RELL","Richardson Electronics Ltd.","70","20.66","-0.10","270","-0.02","Elec-Misc Products","23","71","96","3.1","C","A","93","300.5"
"120","URI","United Rentals Inc.","84","1,162.84","0.02","355","0.18","Comml Svcs-Leasing","24","79","87","-34.0","A","B+","98","72,366.9"
"122","MPC","Marathon Petroleum Corp.","29","298.20","-0.35","2,300","-1.05","Oil&Gas-Refining/Mktg","25","86","90","-4.1","C","C-","91","84,036.8"
"123","PBF","PBF Energy Inc.","20","61.71","0.77","2,876","0.47","Oil&Gas-Refining/Mktg","25","72","96","-6.0","D","B","89","7,259.2"
"124","PSX","Phillips 66","32","203.91","-0.78","2,909","-1.61","Oil&Gas-Refining/Mktg","25","79","87","-21.0","C","C-","88","82,006.8"
"121","VLO","Valero Energy Corp.","29","298.31","-1.54","3,628","-4.68","Oil&Gas-Refining/Mktg","25","85","93","-11.5","C","B-","94","87,239.1"
"125","LPG","Dorian LPG Ltd.","59","45.76","3.11","547","1.38","Transport - Oil/Gas Shipping","26","98","88","-23.9","A","E","95","1,898.7"
"131","BLZE","Backblaze Inc. Cl A","51","18.82","3.92","2,167","0.71","Computer-Hardware/Perip","27","81","99","-38.1","C","A","95","1,121.0"
"130","CRSR","Corsair Gaming Inc.","94","14.35","35.25","9,519","3.74","Computer-Hardware/Perip","27","81","97","241.2","D","A+","96","1,134.0"
"129","DELL","Dell Technologies Inc. Cl C","67","453.77","3.68","5,207","16.12","Computer-Hardware/Perip","27","97","99","-40.1","C","C","96","283,720.2"
"127","LNVGY","Lenovo Group Ltd. ADR","97","71.93","9.68","97","6.35","Computer-Hardware/Perip","27","80","99","-22.8","A","B+","99","41,017.1"
"126","NTAP","NetApp Inc.","69","189.52","-1.02","1,740","-1.96","Computer-Hardware/Perip","27","84","97","-48.8","A","A+","99","37,574.9"
"128","P","Everpure Inc.","100","90.05","3.20","1,981","2.79","Computer-Hardware/Perip","27","95","79","-30.3","B","A","98","29,005.7"
"133","HQY","HealthEquity Inc.","71","104.63","1.15","538","1.19","Comml Svcs-Outsourcing","28","96","77","-41.8","A","A+","98","8,647.8"
"132","RDVT","Red Violet Inc.","23","65.48","-2.70","274","-1.81","Comml Svcs-Outsourcing","28","97","92","23.6","A","A-","99","949.5"
"134","DAL","Delta Air Lines Inc.","37","91.34","-0.70","3,386","-0.64","Transportation-Airline","29","45","93","-54.4","B","B","87","60,488.2"
"137","ADI","Analog Devices Inc.","94","389.93","3.34","2,838","12.62","Elec-Semiconductor Mfg","30","83","70","-38.7","A","D","85","183,782.8"
"136","TSEM","Tower Semiconductor Ltd.","94","252.49","12.37","2,157","27.79","Elec-Semiconductor Mfg","30","89","93","10.9","B","D","92","25,351.8"
"135","TSM","Taiwan Semiconductor Manufacturing Co. Ltd. ADR","78","420.04","0.44","9,156","1.84","Elec-Semiconductor Mfg","30","98","78","-33.9","A","E","92","1,902,621.5"
"138","CNC","Centene Corp.","64","65.77","2.45","3,526","1.57","Medical-Managed Care","31","64","95","-20.7","C","A","92","31,714.5"
"139","CON","Concentra Group Holdings Parent Inc.","78","34.06","11.53","2,038","3.52","Medical-Managed Care","31","56","95","128.5","A","B-","91","3,908.0"
"140","WAB","Wabtec","16","291.81","-1.16","1,683","-3.42","Transportation-Equip Mfg","32","92","82","-24.2","B","C","95","49,867.6"
"141","USFD","US Foods Holding Corp.","91","108.88","1.79","2,424","1.91","Food - Wholesale","33","90","85","-9.7","C","B+","96","23,557.1"
"142","AIT","Applied Industrial Technologies Inc.","83","359.90","0.28","129","0.99","Metal Products - Distributors/Fabrication","34","71","85","-53.3","B","A+","96","13,265.1"
"143","KALU","Kaiser Aluminum Corp.","94","184.75","8.05","373","13.77","Metal Products - Distributors/Fabrication","34","99","85","30.8","B","C","96","2,795.4"
"144","MTRN","Materion Corp.","85","290.05","4.24","448","11.79","Metal Products - Distributors/Fabrication","34","78","98","11.7","B","D","91","5,797.2"
"148","FEIM","Frequency Electronics Inc.","91","74.43","0.04","196","0.03","Telecom - Equipment","35","6","96","-35.6","B","D","61","815.2"
"145","LITE","Lumentum Holdings Inc.","85","890.17","6.22","5,819","52.11","Telecom - Equipment","35","90","77","19.5","B","D-","87","65,201.1"
"146","PLPC","Preformed Line Products Co.","80","466.82","1.32","110","6.07","Telecom - Equipment","35","42","97","7.3","B","C-","82","2,252.5"
"147","TSAT","Telesat Corp. Cl A","100","58.92","8.95","376","4.84","Telecom - Equipment","35","9","95","30.7","E","B","65","823.4"
"149","ECO","Okeanis Eco Tankers Corp.","54","61.86","-3.01","526","-1.92","Transportation-Ship","36","99","88","17.0","A","E","94","2,445.9"
"150","ESQ","Esquire Financial Holdings Inc.","57","131.38","0.05","79","0.06","Banks-Super Regional","37","87","85","-40.9","A","B+","98","1,134.5"
"153","FCNCA","First Citizens Bancshares Inc. Cl A","34","2,218.49","-0.85","41","-19.02","Banks-Super Regional","37","90","66","-51.6","B","A-","93","25,540.2"
"155","FITB","Fifth Third Bancorp","34","57.09","0.23","3,530","0.13","Banks-Super Regional","37","34","77","-50.5","B","C-","71","51,656.6"
"154","NTRS","Northern Trust Corp.","89","185.50","0.74","776","1.36","Banks-Super Regional","37","91","84","-35.4","B","D-","91","33,689.5"
"152","PNC","PNC Financial Services Group Inc.","35","252.56","-0.08","956","-0.20","Banks-Super Regional","37","83","76","-54.9","A","C+","93","100,837.0"
"151","USB","U.S. Bancorp","44","63.94","0.20","4,412","0.13","Banks-Super Regional","37","87","79","-63.6","B","C","93","99,416.0"
"157","CCK","Crown Holdings Inc.","52","120.69","-0.34","588","-0.41","Containers/Packaging","38","84","77","-59.4","B","A","96","13,170.9"
"158","MYE","Myers Industries Inc.","19","34.37","-1.86","312","-0.65","Containers/Packaging","38","87","98","-36.2","C","B","95","1,317.4"
"156","UFPT","UFP Technologies Inc.","70","314.01","0.69","133","2.14","Containers/Packaging","38","71","93","-38.0","A","A","97","2,412.9"
"159","ENVA","Enova International Inc.","17","252.64","-1.30","307","-3.32","Finance-Consumer Loans","40","96","97","-20.1","A","B+","99","6,373.0"
"160","BUD","Anheuser-Busch InBev S.A. ADR","6","83.76","-0.25","2,066","-0.21","Beverages-Alcoholic","41","82","68","-23.9","B","C","85","168,056.8"
"162","AAPL","Apple Inc.","80","313.33","0.29","34,437","0.92","Telecom-Consumer Prods","42","89","73","-41.4","A","C+","93","4,559,367.7"
"161","OOMA","Ooma Inc.","57","21.97","2.66","230","0.57","Telecom-Consumer Prods","42","98","93","-38.0","C","A","98","588.5"
"164","AMZN","Amazon.com Inc.","23","274.48","0.82","33,861","2.22","Retail-Internet","43","99","56","-36.6","A","B","94","2,936,682.1"
"163","LQDT","Liquidity Services Inc.","73","42.06","0.12","315","0.05","Retail-Internet","43","94","88","55.0","A","C","96","1,309.9"
"166","AX","Axos Financial Inc.","11","100.04","-1.81","345","-1.84","Banks-Savings & Loan","44","86","67","-12.5","A","B","93","5,795.4"
"165","WSFS","WSFS Financial Corp.","36","81.27","-0.25","483","-0.20","Banks-Savings & Loan","44","86","84","1.5","B","A","97","4,172.6"
"168","CP","Canadian Pacific Kansas City Ltd.","86","91.62","1.52","2,028","1.37","Transportation-Rail","45","45","71","-28.0","B","A-","81","79,315.6"
"167","UNP","Union Pacific Corp.","51","293.13","-0.76","2,603","-2.25","Transportation-Rail","45","62","76","-17.5","A","B-","85","175,478.0"
"183","BPOP","Popular Inc.","21","174.04","-1.19","310","-2.10","Banks-Regional","46","88","87","-45.7","A","D+","94","11,249.5"
"176","BUSE","First Busey Corp.","28","30.98","-0.35","625","-0.11","Banks-Regional","46","71","83","-28.7","A","A","96","2,629.5"
"172","CAC","Camden National Corp.","11","57.79","-1.57","91","-0.92","Banks-Regional","46","91","87","-17.2","A","A-","98","993.1"
"186","CFR","Cullen/Frost Bankers Inc.","27","164.50","-0.16","620","-0.26","Banks-Regional","46","68","80","0.2","A","A","93","10,239.6"
"182","CHMG","Chemung Financial Corp.","6","81.24","-1.96","65","-1.62","Banks-Regional","46","85","90","9.9","B","B","95","399.4"
"187","CLBK","Columbia Financial Inc.","85","10.84","0.00","4,665","0.00","Banks-Regional","46","73","92","-97.9","B","A","93","2,921.8"
"180","FBK","FB Financial Corp.","34","60.84","0.03","248","0.02","Banks-Regional","46","91","65","-41.2","A","A","95","3,039.7"
"174","FBP","First BanCorp (Puerto Rico)","6","28.67","-1.34","971","-0.39","Banks-Regional","46","87","86","-45.0","A","B+","97","4,436.7"
"173","FCCO","First Community Corp. (South Carolina)","61","34.21","-0.15","27","-0.05","Banks-Regional","46","91","77","-70.2","A","A+","98","322.0"
"170","FMAO","Farmers & Merchants Bancorp Inc.","81","34.92","1.87","341","0.64","Banks-Regional","46","91","90","267.1","A","A+","99","472.1"
"169","FVCB","FVCBankcorp Inc.","16","18.52","-1.12","56","-0.21","Banks-Regional","46","89","85","-70.4","A","A+","99","337.1"
"185","MBIN","Merchants Bancorp","36","54.25","0.35","141","0.19","Banks-Regional","46","78","89","-16.5","B","B-","94","2,483.4"
"181","NBBK","NB Bancorp Inc.","17","22.58","-0.75","220","-0.17","Banks-Regional","46","91","68","-25.8","A","A","95","944.2"
"171","NIC","Nicolet Bankshares Inc.","31","172.54","-0.78","219","-1.35","Banks-Regional","46","94","82","-23.4","A","B+","98","3,644.3"
"179","SFBS","ServisFirst Bancshares Inc.","29","88.92","-0.27","142","-0.24","Banks-Regional","46","89","66","-55.9","A","A","95","4,873.7"
"178","SSB","SouthState Bank Corp.","62","108.12","0.21","810","0.23","Banks-Regional","46","86","63","-2.0","A","A","95","10,526.6"
"184","UBSI","United Bankshares Inc.","15","48.32","-0.54","709","-0.26","Banks-Regional","46","82","74","-31.9","A","B+","94","6,694.3"
"177","UMBF","UMB Financial Corp.","29","145.60","0.32","409","0.47","Banks-Regional","46","92","73","-41.7","A","C+","95","11,022.6"
"175","WSBC","WesBanco Inc.","42","41.69","-0.10","581","-0.04","Banks-Regional","46","70","84","-58.3","A","A","96","4,002.2"
"189","BRK.B","Berkshire Hathaway Inc. Cl B","78","521.80","-0.54","3,643","-2.81","Diversified Operations","47","79","61","-18.1","B","A+","91","1,017,870.1"
"188","CHE","Chemed Corp.","99","552.72","0.60","154","3.31","Diversified Operations","47","70","85","-27.5","B","A+","94","7,180.8"
"190","JCI","Johnson Controls International PLC","64","152.21","-1.51","2,759","-2.34","Diversified Operations","47","92","73","-35.4","B","C-","89","93,617.4"
"191","MMM","3M Co.","91","182.90","1.21","2,430","2.19","Diversified Operations","47","60","78","-39.3","B","B+","88","93,196.2"
"192","XMTR","Xometry Inc. Cl A","71","93.14","6.95","782","6.05","Elec-Contract Mfg","48","77","97","-8.8","C","D+","86","4,992.3"
"194","BWA","BorgWarner Inc.","92","68.42","3.98","2,153","2.62","Auto/Truck Equipment Parts & Tires","49","80","91","-26.2","C","D","81","13,401.2"
"193","MGA","Magna International Inc.","65","70.36","3.75","1,194","2.54","Auto/Truck Equipment Parts & Tires","49","89","89","-4.7","C","B","93","18,004.3"
"195","MGNI","Magnite Inc.","88","24.72","1.64","4,031","0.40","Comml Svcs-Advertising","50","90","89","35.9","B","A+","99","3,488.1"
"196","QNST","QuinStreet Inc.","97","21.08","38.50","4,904","5.86","Comml Svcs-Advertising","50","65","92","605.4","B","A","93","874.3"
"197","WTS","Watts Water Technologies Inc. Cl A","97","392.23","4.01","230","15.11","Building - Construction Products","51","90","91","-35.6","A","C","97","12,592.4"
"200","AAMI","Acadian Asset Management Inc.","47","89.85","-1.87","292","-1.71","Finance-Investment Mgmt","52","97","95","-48.5","A","C-","98","3,262.2"
"198","SEIC","SEI Investments Co.","48","104.70","0.01","473","0.01","Finance-Investment Mgmt","52","94","75","-34.3","A","A+","99","12,564.8"
"202","STT","State Street Corp.","47","184.68","-0.13","1,263","-0.24","Finance-Investment Mgmt","52","94","92","-48.0","B","C-","95","50,797.8"
"199","VCTR","Victory Capital Holdings Inc. Cl A","85","108.16","1.28","565","1.37","Finance-Investment Mgmt","52","95","94","9.0","A","A+","99","6,677.7"
"201","WT","WisdomTree Inc.","49","21.25","-1.07","1,729","-0.23","Finance-Investment Mgmt","52","99","89","-44.0","A","C-","97","3,254.5"
"204","BURL","Burlington Stores Inc.","33","368.96","-0.59","641","-2.19","Retail-Apparel/Shoes/Acc","53","93","82","-18.0","A","B+","97","23,361.0"
"205","CTRN","Citi Trends Inc.","88","72.69","0.89","111","0.64","Retail-Apparel/Shoes/Acc","53","64","98","-38.1","C","A","92","600.2"
"203","ROST","Ross Stores Inc.","73","255.23","0.36","1,214","0.92","Retail-Apparel/Shoes/Acc","53","85","86","-59.5","A","B","97","81,577.8"
"208","ITW","Illinois Tool Works Inc.","76","296.66","0.67","919","1.96","Machinery-Gen Industrial","54","62","72","-35.6","A","A-","88","84,785.2"
"206","PH","Parker Hannifin Corp.","80","1,073.87","0.38","823","4.07","Machinery-Gen Industrial","54","88","85","5.5","A","A-","98","134,887.2"
"207","PRLB","Proto Labs Inc.","81","88.91","1.14","154","1.00","Machinery-Gen Industrial","54","90","95","-32.2","C","B","95","2,103.0"
"209","CSW","CSW Industrials Inc.","86","350.68","0.85","113","2.96","Machinery-Constr/Mining/Farming","55","93","88","-28.1","A","A+","99","5,665.6"
"216","BHP","BHP Group Ltd. ADR","98","90.41","2.86","2,659","2.51","Mining-Metal Ores","56","51","87","-8.3","B","C","82","224,742.8"
"210","ERO","Ero Copper Corp.","100","34.31","10.32","2,753","3.21","Mining-Metal Ores","56","99","90","152.9","A","B+","99","3,244.8"
"212","FCX","Freeport-McMoRan Inc.","90","69.62","2.11","11,290","1.44","Mining-Metal Ores","56","91","88","-12.3","B","B","96","98,012.8"
"214","HBM","Hudbay Minerals Inc.","100","27.61","4.94","4,890","1.30","Mining-Metal Ores","56","57","92","-5.3","A","C","87","11,697.3"
"215","RIO","Rio Tinto PLC ADR","90","101.10","1.46","2,614","1.45","Mining-Metal Ores","56","81","67","-1.8","A","C","85","172,130.9"
"211","SCCO","Southern Copper Corp.","88","199.06","3.12","1,032","6.03","Mining-Metal Ores","56","98","84","-85.5","A","C+","97","161,051.0"
"213","TECK","Teck Resources Ltd. Cl B","91","66.47","0.53","2,188","0.35","Mining-Metal Ores","56","87","88","-32.2","B","A-","96","32,456.0"
"217","PCAR","Paccar Inc.","48","133.11","0.80","3,115","1.05","Trucks & Parts-Hvy Duty","58","40","77","-26.3","C","B","73","69,511.8"
"233","AFL","AFLAC Inc.","32","124.61","-1.62","2,453","-2.05","Insurance","60","60","63","-1.5","B","B+","78","64,468.0"
"222","AIZ","Assurant Inc.","43","289.55","-2.31","487","-6.85","Insurance","60","94","85","-12.5","B","A","97","14,685.9"
"225","ALL","Allstate Corp.","59","267.00","-2.95","2,751","-8.11","Insurance","60","69","86","67.7","A","A","95","69,563.7"
"231","CB","Chubb Ltd.","55","350.31","-1.05","1,355","-3.72","Insurance","60","92","68","-27.1","A","B-","92","136,584.7"
"230","CNO","CNO Financial Group Inc.","25","55.16","-0.58","525","-0.32","Insurance","60","94","87","-43.4","C","B-","93","5,179.0"
"224","GL","Globe Life Inc.","57","183.85","-1.17","538","-2.17","Insurance","60","84","84","-16.9","A","A","96","14,295.5"
"227","HIG","Hartford Insurance Group Inc.","63","143.28","-0.85","1,474","-1.23","Insurance","60","89","56","-32.0","A","A","93","39,143.7"
"234","LIFE","Ethos Technologies Inc. Cl A","99","31.61","6.06","1,540","1.80","Insurance","60","20","91","113.2","C","C","69","1,877.5"
"226","MET","MetLife Inc.","55","97.77","-2.18","4,313","-2.18","Insurance","60","86","82","-18.3","B","A+","95","64,311.5"
"229","PFG","Principal Financial Group Inc.","10","113.40","-1.74","1,276","-2.01","Insurance","60","82","81","-21.1","C","A","93","24,709.8"
"220","PRI","Primerica Inc.","63","321.38","-1.54","181","-5.03","Insurance","60","89","76","-13.8","A","A+","98","10,178.8"
"223","RGA","Reinsurance Group of America Inc.","89","246.33","4.24","513","10.02","Insurance","60","96","79","38.1","B","A","97","15,481.4"
"219","SKWD","Skyward Specialty Insurance Group Inc.","65","63.67","-2.99","436","-1.96","Insurance","60","97","90","-22.7","A","A+","99","2,660.8"
"221","SMPNY","Sompo Holdings Inc. ADR","95","22.48","2.27","53","0.50","Insurance","60","98","89","-69.1","C","A-","98","40,778.0"
"218","TRV","Travelers Cos. Inc.","86","384.31","-0.44","1,235","-1.69","Insurance","60","99","90","-37.4","A","A","99","80,510.0"
"232","UFCS","United Fire Group Inc.","70","54.47","-0.84","92","-0.46","Insurance","60","55","95","-41.2","A","B+","92","1,412.0"
"228","WTW","Willis Towers Watson PLC","94","344.82","1.41","422","4.81","Insurance","60","79","72","-36.7","B","A+","93","31,577.4"
"238","BAP","Credicorp Ltd.","9","386.93","-1.44","210","-5.64","Banks-Foreign","61","87","84","-51.1","B","E","83","31,222.3"
"235","BBVA","Banco Bilbao Vizcaya Argentaria S.A. ADR","59","28.35","0.75","1,597","0.21","Banks-Foreign","61","86","88","6.3","A","A-","98","157,901.3"
"237","CM","Canadian Imperial Bank of Commerce","51","118.70","0.22","721","0.26","Banks-Foreign","61","89","80","-45.8","A","E","87","109,654.8"
"236","ING","ING Groep N.V. ADR","57","35.68","-0.08","1,884","-0.03","Banks-Foreign","61","87","88","-47.4","A","B","97","99,121.6"
"240","CNK","Cinemark Holdings Inc.","25","37.24","-1.87","2,140","-0.71","Leisure-Services","62","57","92","-14.5","A","A+","93","4,398.9"
"241","LIND","Lindblad Expeditions Holdings Inc.","76","33.95","-0.35","488","-0.12","Leisure-Services","62","70","99","-48.7","C","A","92","2,235.7"
"239","LTH","Life Time Group Holdings Inc.","26","43.81","0.76","1,741","0.33","Leisure-Services","62","96","95","-40.3","A","B-","97","9,716.1"
"242","VIK","Viking Holdings Ltd.","24","105.79","-0.38","1,131","-0.40","Leisure-Services","62","58","94","-55.8","B","B","88","47,377.4"
"250","ABBV","AbbVie Inc.","32","246.04","0.89","4,930","2.17","Medical - Pharmaceuticals","63","58","71","-29.0","B","D","71","430,946.9"
"245","AMRX","Amneal Pharmaceuticals Inc.","17","18.14","0.39","1,090","0.07","Medical - Pharmaceuticals","63","84","95","-48.8","C","B+","92","5,770.3"
"246","BMY","Bristol Myers Squibb Co.","31","64.72","0.89","7,212","0.57","Medical - Pharmaceuticals","63","68","81","-46.4","B","A-","90","131,040.1"
"244","JAZZ","Jazz Pharmaceuticals PLC","52","256.56","-0.04","971","-0.09","Medical - Pharmaceuticals","63","77","94","-19.7","B","A","96","16,660.3"
"249","JNJ","Johnson & Johnson","75","259.24","0.88","6,531","2.26","Medical - Pharmaceuticals","63","52","80","-38.6","A","E","71","619,295.7"
"243","LLY","Eli Lilly & Co.","63","1,185.71","-0.52","2,896","-6.23","Medical - Pharmaceuticals","63","98","86","-15.6","A","C","97","1,122,041.1"
"248","MRK","Merck & Co. Inc.","45","128.58","0.16","7,347","0.21","Medical - Pharmaceuticals","63","57","82","-29.8","B","E","74","317,051.4"
"247","PTGX","Protagonist Therapeutics Inc.","87","145.87","-0.21","321","-0.31","Medical - Pharmaceuticals","63","55","98","-55.4","C","A+","90","9,459.1"
"251","CRS","Carpenter Technology Corp.","77","570.66","2.41","588","13.42","Steel-Specialty Alloys","64","97","95","-23.9","A","D","95","27,686.8"
"255","CBL","CBL & Associates Properties Inc.","48","56.55","4.12","244","2.24","REITs","67","21","95","-21.4","A","C","73","1,680.6"
"253","PSA","Public Storage","77","328.40","0.43","979","1.40","REITs","67","49","64","-38.1","A","A","80","60,977.6"
"254","SPG","Simon Property Group Inc.","28","222.91","0.49","1,318","1.08","REITs","67","49","72","-31.9","A","C-","75","71,937.2"
"252","WELL","Welltower Inc.","82","236.92","0.39","3,527","0.92","REITs","67","84","77","2.7","B","D+","86","170,095.8"
"257","PAY","Paymentus Holdings Inc.","41","38.57","-3.86","705","-1.55","Finance-CrdtCard/PmtPr","68","97","87","-44.3","A","A","97","5,052.7"
"256","PAYS","Paysign Inc.","90","12.48","0.65","1,207","0.08","Finance-CrdtCard/PmtPr","68","98","99","90.7","A","A+","99","693.2"
"258","RELY","Remitly Global Inc.","36","24.42","-5.82","4,559","-1.51","Finance-CrdtCard/PmtPr","68","96","74","18.8","A","A","95","5,489.0"
"259","V","Visa Inc. Cl A","20","362.50","-2.15","5,111","-7.97","Finance-CrdtCard/PmtPr","68","86","62","-39.0","A","A+","94","691,685.0"
"260","WEX","WEX Inc.","28","185.22","-2.28","499","-4.32","Finance-CrdtCard/PmtPr","68","87","76","-30.3","B","A","94","6,459.8"
"261","KO","Coca-Cola Co.","57","87.05","0.23","11,217","0.20","Beverages-Non-Alcoholic","69","50","70","-33.3","A","B-","78","373,676.4"
"262","ALNT","Allient Inc.","86","112.81","1.44","397","1.60","Electrical-Power/Equipmt","70","85","98","35.9","C","B-","94","1,890.8"
"264","AME","Ametek Inc.","76","253.66","0.91","1,001","2.28","Electrical-Power/Equipmt","70","79","72","-18.7","A","B+","92","57,631.7"
"263","ETN","Eaton Corp. PLC","81","448.68","0.36","1,721","1.59","Electrical-Power/Equipmt","70","79","70","-43.5","A","B","92","174,077.0"
"265","FDX","FedEx Corp.","91","318.57","0.85","1,215","2.70","Transport-Air Freight","71","91","82","-86.9","B","E","82","74,728.9"
"267","AMP","Ameriprise Financial Inc.","38","551.98","-1.40","463","-7.84","Finance-Invest Bnk/Bkrs","72","88","64","-46.6","A","A+","95","49,450.7"
"266","SCHW","Charles Schwab Corp.","64","107.60","-0.06","7,154","-0.06","Finance-Invest Bnk/Bkrs","72","93","64","-47.3","A","A","96","187,235.3"
"268","IESC","IES Holdings Inc.","62","762.71","-0.74","121","-5.72","Bldg-Heavy Construction","73","98","93","-53.1","A","D","96","15,310.5"
"269","PWR","Quanta Services Inc.","33","671.86","0.60","750","4.02","Bldg-Heavy Construction","73","97","64","-40.3","A","E","79","100,405.3"
"270","FAST","Fastenal Co.","99","51.84","2.05","10,822","1.04","Retail - Specialty","74","72","73","30.0","A","B","91","58,292.9"
"271","MOV","Movado Group Inc.","22","37.84","0.19","129","0.07","Retail - Specialty","74","64","97","-52.0","C","D","78","595.7"
"273","ADPT","Adaptive Biotechnologies Corp.","99","24.93","5.64","2,495","1.33","Medical - Revenue Biotech","76","27","95","-22.2","C","A+","79","3,766.5"
"275","TVTX","Travere Therapeutics Inc.","62","61.32","-1.81","1,227","-1.13","Medical - Revenue Biotech","76","16","98","-39.6","C","B","68","5,886.6"
"274","TWST","Twist Bioscience Corp.","93","115.67","6.04","1,562","6.59","Medical - Revenue Biotech","76","11","99","-18.4","C","A+","74","6,840.1"
"272","URGN","UroGen Pharma Ltd.","89","46.96","2.98","1,026","1.36","Medical - Revenue Biotech","76","62","99","33.2","D","A+","90","2,229.0"
"276","VSAT","ViaSat Inc.","39","80.38","-1.96","1,875","-1.61","Telecom-Infrastructure","78","36","95","-34.7","D","E","59","11,294.6"
"278","FET","Forum Energy Technologies Inc.","78","74.23","-1.33","243","-1.00","Oil&Gas-Machinery/Equip","81","83","96","31.5","D","B","91","846.1"
"277","WHD","Cactus Inc. Cl A","82","67.90","-0.93","656","-0.64","Oil&Gas-Machinery/Equip","81","84","91","-20.7","B","B+","96","5,495.5"
"282","AMGN","Amgen Inc.","82","410.94","1.51","1,822","6.09","Medical - Profitable Biotech","82","63","87","-45.3","A","A","94","218,874.9"
"287","CORT","Corcept Therapeutics Inc.","45","110.77","2.61","769","2.82","Medical - Profitable Biotech","82","29","96","-36.8","A","A","82","11,669.2"
"280","EXEL","Exelixis Inc.","45","54.07","3.58","3,550","1.87","Medical - Profitable Biotech","82","95","87","31.1","A","A","98","12,934.2"
"279","HALO","Halozyme Therapeutics Inc.","99","103.12","20.24","7,692","17.36","Medical - Profitable Biotech","82","94","95","338.9","A","A+","99","10,172.3"
"283","HRMY","Harmony Biosciences Holdings Inc.","72","38.41","-0.88","995","-0.34","Medical - Profitable Biotech","82","83","71","14.1","A","A+","94","2,256.7"
"281","INCY","Incyte Corp.","54","120.56","1.84","1,540","2.18","Medical - Profitable Biotech","82","98","86","-23.6","A","C","95","23,995.4"
"286","KNSA","Kiniksa Pharmaceuticals International PLC","63","76.06","-0.59","220","-0.45","Medical - Profitable Biotech","82","63","96","-73.0","A","B","91","5,969.6"
"285","LGND","Ligand Pharmaceuticals Inc.","28","293.15","-2.33","314","-6.99","Medical - Profitable Biotech","82","93","93","-21.1","A","D-","91","6,015.1"
"284","LQDA","Liquidia Corp.","90","90.22","0.89","562","0.80","Medical - Profitable Biotech","82","69","99","-69.9","B","B","91","7,952.0"
"288","VRTX","Vertex Pharmaceuticals Inc.","96","496.07","2.49","992","12.04","Medical - Profitable Biotech","82","29","72","-37.0","A","B","70","122,682.7"
"289","CVSA","Covista Inc.","95","140.98","13.46","687","16.72","Consumer Svcs-Education","83","93","72","102.6","A","A+","95","4,228.7"
"294","AIR","AAR Corp.","39","143.06","-2.28","226","-3.34","Aerospace/Defense","84","93","93","-50.4","B","B","95","5,893.9"
"291","ATI","ATI Inc.","83","227.84","1.97","1,835","4.41","Aerospace/Defense","84","96","98","2.6","A","C","97","30,491.6"
"300","ATRO","Astronics Corp.","74","77.75","2.25","582","1.71","Aerospace/Defense","84","80","95","-96.5","B","D","84","3,264.2"
"299","DCO","Ducommun Inc.","61","197.07","-2.18","301","-4.39","Aerospace/Defense","84","89","97","4.8","C","D+","88","3,039.1"
"296","EADSY","Airbus SE ADR","67","61.64","0.65","489","0.40","Aerospace/Defense","84","90","66","4.1","A","A+","93","192,919.0"
"298","GD","General Dynamics Corp.","99","392.05","1.33","1,053","5.13","Aerospace/Defense","84","78","66","-39.2","A","B","88","104,684.0"
"293","GE","GE Aerospace","33","370.08","-1.19","2,527","-4.47","Aerospace/Defense","84","93","83","-49.3","A","B","96","388,619.0"
"292","HEI","Heico Corp.","61","367.58","1.18","388","4.29","Aerospace/Defense","84","95","77","-25.9","A","A-","97","42,369.2"
"297","HWM","Howmet Aerospace Inc.","7","281.88","-2.66","2,000","-7.70","Aerospace/Defense","84","94","86","-29.9","A","E","88","115,919.1"
"301","MRCY","Mercury Systems Inc.","58","108.64","-0.17","413","-0.19","Aerospace/Defense","84","82","90","-49.0","D","D","78","6,534.5"
"295","RTX","RTX Corp.","77","223.03","-0.10","4,975","-0.22","Aerospace/Defense","84","83","83","-45.1","B","A-","94","300,887.0"
"290","RYCEY","Rolls-Royce Holdings PLC ADR","40","20.62","-0.05","888","-0.01","Aerospace/Defense","84","93","87","-70.7","A","A-","98","171,994.6"
"302","EVC","Entravision Communications Corp.","84","11.97","4.91","1,739","0.56","Media","85","55","99","-7.5","D","C-","73","1,050.2"
"304","FTK","Flotek Industries Inc.","84","35.42","-2.77","529","-1.01","Chemicals-Specialty","87","32","99","38.9","A","A+","88","1,317.9"
"303","NEU","NewMarket Corp.","82","889.71","-0.40","133","-3.57","Chemicals-Specialty","87","74","83","14.5","B","A","93","8,215.0"
"306","CVE","Cenovus Energy Inc.","26","28.25","0.00","4,809","0.00","Oil&Gas-Integrated","88","92","71","-38.0","C","E","73","52,099.0"
"305","EQNR","Equinor ASA ADR","40","38.92","-1.37","2,670","-0.54","Oil&Gas-Integrated","88","84","70","-29.1","B","C+","83","93,030.7"
"307","REPYY","Repsol S.A. ADR","3","29.06","-1.56","44","-0.46","Oil&Gas-Explorers/Producers","90","88","85","-59.0","C","C","86","32,143.4"
"308","CAH","Cardinal Health Inc.","45","236.40","-0.53","1,551","-1.26","Medical-Distribution","96","95","83","-27.3","D","B+","88","55,661.4"
"310","ANDG","Andersen Group Inc.","80","49.68","1.39","259","0.68","Comml Svcs-Consulting","97","17","91","-27.3","C","C","59","5,533.7"
"309","SAIC","Science Applications International Corp.","93","126.54","1.82","386","2.26","Comml Svcs-Consulting","97","87","84","-35.2","C","A+","93","5,254.2"
"313","BLFS","BioLife Solutions Inc.","97","34.66","2.15","656","0.73","Medical-Products","99","73","93","-46.4","D","A+","90","1,660.0"
"316","BVS","Bioventus Inc. Cl A","45","14.13","1.04","940","0.14","Medical-Products","99","44","96","22.6","C","A","79","1,175.6"
"311","DXCM","DexCom Inc.","46","84.75","2.08","4,626","1.73","Medical-Products","99","97","81","-10.5","A","A+","96","31,328.5"
"314","GKOS","Glaukos Corp.","95","180.02","5.28","769","9.03","Medical-Products","99","48","96","-22.8","C","A+","84","10,085.7"
"315","ICUI","ICU Medical Inc.","71","184.56","10.93","931","18.19","Medical-Products","99","65","92","197.0","D","A+","84","4,158.2"
"312","ITGR","Integer Holdings Corp.","51","125.27","-0.63","1,056","-0.80","Medical-Products","99","74","92","25.4","C","A+","90","4,285.4"
"317","TXG","10x Genomics Inc.","98","52.03","14.10","5,434","6.43","Medical-Products","99","31","99","65.0","D","A+","75","5,789.2"
"318","AYA","Aya Gold & Silver Inc.","98","27.19","7.90","856","1.99","Mining-Gold/Silver/Gems","103","31","98","86.3","B","A+","81","3,607.9"
"319","CPAY","Corpay Inc.","47","392.94","-1.34","537","-5.34","Financial Svcs-Specialty","107","92","87","-15.3","A","A+","97","26,032.3"
"320","ECPG","Encore Capital Group Inc.","84","100.20","2.37","377","2.32","Financial Svcs-Specialty","107","48","94","14.1","A","B","85","2,076.0"
"321","ELMD","Electromed Inc.","45","42.19","0.36","76","0.15","Medical-Systems","111","99","96","-19.4","A","C","94","348.1"
"322","HAE","Haemonetics Corp.","90","87.84","3.32","657","2.82","Medical-Systems","111","75","94","-25.1","B","A+","91","3,863.8"
"324","PLSE","Pulse Biosciences Inc.","68","42.41","10.90","735","4.17","Medical-Systems","111","10","99","109.5","E","A+","56","2,646.6"
"323","WAT","Waters Corp.","97","406.86","1.79","888","7.16","Medical-Systems","111","64","76","-12.2","A","A+","88","39,244.9"
"326","NESR","National Energy Services Reunited Corp.","85","29.02","0.59","1,577","0.17","Oil&Gas-Field Services","112","44","94","-23.4","C","E","60","2,909.5"
"325","OII","Oceaneering International Inc.","27","47.97","-2.60","599","-1.28","Oil&Gas-Field Services","112","89","95","-50.9","A","B-","91","4,901.8"
"328","LFST","LifeStance Health Group Inc.","84","10.84","1.69","3,793","0.18","Medical-Hospitals","114","83","97","11.0","C","C","86","4,134.3"
"327","THC","Tenet Healthcare Corp.","85","262.13","2.14","626","5.49","Medical-Hospitals","114","96","91","-55.5","B","A","96","20,664.4"
"329","CHEF","Chefs' Warehouse Inc.","24","110.20","0.97","225","1.06","Food - Packaged","115","96","96","-63.6","B","A","96","4,452.5"
"330","SENEA","Seneca Foods Corp. Cl A","94","178.82","7.35","141","12.24","Food - Packaged","115","98","92","-4.1","B","D","87","1,128.7"
"331","GCT","GigaCloud Technology Inc.","77","53.25","1.62","1,079","0.85","Computer-Tech Services","116","95","94","41.5","A","A+","98","1,927.7"
"332","HPE","Hewlett Packard Enterprise Co.","83","53.22","1.51","14,041","0.79","Computer-Tech Services","116","85","99","-48.4","B","B+","89","69,428.0"
"333","NSIT","Insight Enterprises Inc.","78","149.32","0.09","548","0.13","Computer-Tech Services","116","89","93","13.2","C","A+","89","4,506.1"
"334","VAC","Marriott Vacations Worldwide Corp.","77","123.47","-1.03","1,107","-1.28","Leisure-Lodging","117","38","97","121.5","C","A+","74","4,284.3"
"335","WTTR","Select Water Solutions Inc.","51","20.23","-1.94","1,759","-0.40","Utilities","121","80","93","-0.1","D","D-","71","3,004.9"
"338","CROX","Crocs Inc.","54","136.62","1.82","780","2.44","Apparel - Clothing & Shoes","123","58","95","-31.4","B","A","82","6,433.3"
"336","TPR","Tapestry Inc.","85","162.36","0.22","2,225","0.36","Apparel - Clothing & Shoes","123","96","84","-14.1","A","C","91","32,731.2"
"337","VSXY","Victoria's Secret & Co.","94","98.54","5.37","1,480","5.02","Apparel - Clothing & Shoes","123","66","99","-30.7","B","A","88","7,434.1"
"339","ATEX","Anterix Inc.","47","99.26","-1.06","198","-1.06","Telecom/Cable Services","124","46","99","-57.3","A","C","74","1,956.1"
"340","IRDM","Iridium Communications Inc.","90","49.93","3.35","831","1.62","Telecom/Cable Services","124","10","96","-66.6","B","C","53","5,118.9"
"341","AGM","Federal Agricultural Mortgage Corp. Cl C","26","235.54","-0.58","88","-1.38","Finance-Mrtg&Rel Svc","128","81","91","-37.6","A","A+","93","2,498.3"
"344","BJRI","BJ's Restaurants Inc.","78","69.55","-0.49","436","-0.34","Retail-Restaurants","129","80","98","-18.6","C","A","88","1,486.8"
"343","CAKE","Cheesecake Factory Inc.","86","107.05","-0.24","1,232","-0.26","Retail-Restaurants","129","84","97","-19.2","B","A+","94","5,339.8"
"342","EAT","Brinker International Inc.","67","225.20","-0.91","735","-2.07","Retail-Restaurants","129","91","94","-38.0","A","A+","96","9,747.1"
"345","TGT","Target Corp.","92","149.70","1.78","2,847","2.62","Retail - General","131","56","86","-32.3","C","A+","76","66,802.4"
"346","GM","General Motors Co.","36","87.58","0.74","4,024","0.64","Auto Manufacturers","136","93","76","-50.8","C","B","79","76,285.6"
"347","IMAX","Imax Corp.","4","48.49","-2.49","861","-1.24","Leisure-Movies & Related","139","97","94","-33.6","B","A-","93","2,727.3"
"349","MCS","Marcus Corp.","34","30.65","0.07","438","0.02","Leisure-Movies & Related","139","60","98","59.5","C","A+","80","923.0"
"348","ROKU","Roku Inc. Cl A","95","153.11","2.03","2,850","3.04","Leisure-Movies & Related","139","84","93","-40.6","B","A","91","22,261.7"
"350","FTDR","Frontdoor inc.","87","90.83","1.01","847","0.91","Bldg-Maintenance & Svc","142","88","93","41.2","A","A+","95","6,315.5"