up_bars_pct,blue_bars_pct,red_bars_pct,stall_pct,support_pct,up_dn_vol,blue_red,sup_stall,q_up_bars_pct,q_stall_pct,q_support_pct,q_vol_ratio,q_up_dn_vol,low_pos,right_recov,tail_tight,base_len,symbol,truth,detected
47.985347985347985,20.51282051282051,20.87912087912088,14.285714285714285,14.285714285714285,0.9703546750821533,0.9824561403508771,1.0,48.529411764705884,22.058823529411764,19.11764705882353,1.1642589638676315,1.0138602277677515,0.8235294117647058,0.6562017698371215,2.836327465728473,273,A,Flat Base,Flat Base
53.84615384615385,26.923076923076923,15.384615384615385,7.6923076923076925,19.230769230769234,1.2558914537992465,1.75,2.5,69.23076923076923,7.6923076923076925,53.84615384615385,1.2284283769544566,3.1033049612759758,0.27450980392156865,1.0,2.3656876462545924,52,A,Flat Base,Flat Base
47.239263803680984,18.404907975460123,19.018404907975462,14.11042944785276,14.11042944785276,0.8430837864213021,0.967741935483871,1.0,55.00000000000001,7.5,10.0,1.0825700203624085,1.0712398565767125,0.38271604938271603,1.0,5.6573638918774165,163,AAON,Cup Without Handle,Cup
45.689655172413794,20.689655172413794,23.275862068965516,16.379310344827587,16.379310344827587,0.8067227415497399,0.8888888888888888,1.0,41.37931034482759,17.24137931034483,20.689655172413794,0.9723330130575737,0.753713712216134,0.5391304347826087,0.9276546421350911,4.953104758963982,116,AAON,Cup With Handle,Cup+Handle
48.95104895104895,19.58041958041958,19.58041958041958,13.986013986013987,16.783216783216783,1.0252020700244233,1.0,1.2,60.0,2.857142857142857,14.285714285714285,0.7588333752230425,2.1298127446194073,0.47183098591549294,1.0,5.257295443910557,143,AMLX,Cup Without Handle,Cup
42.168674698795186,16.867469879518072,21.686746987951807,13.253012048192772,14.457831325301203,0.8157840729119205,0.7777777777777778,1.0909090909090908,60.0,15.0,35.0,1.1653940669592526,1.596520401724682,0.8170731707317073,1.0,6.425068949219082,83,AMLX,Double Bottom,Cup
49.21465968586388,20.418848167539267,18.32460732984293,13.089005235602095,16.75392670157068,1.0572728976709314,1.1142857142857143,1.28,51.06382978723404,10.638297872340425,17.02127659574468,1.0131155879598612,1.1844575497511638,0.3526315789473684,1.0,5.559939642048003,191,AMLX,Cup Without Handle,Cup
51.867219917012456,19.502074688796682,15.352697095435685,13.278008298755188,14.522821576763487,1.0994327196179952,1.2702702702702702,1.09375,50.0,8.333333333333332,8.333333333333332,1.0692412992611973,1.0529411764705883,0.125,1.0,1.5340623391455428,241,ANCTF,Consolidation,Cup
53.06122448979592,22.448979591836736,18.367346938775512,17.006802721088434,17.687074829931973,1.1626824051763813,1.2222222222222223,1.04,58.333333333333336,27.77777777777778,22.22222222222222,1.175295696066351,1.3721325841538223,0.2054794520547945,1.0,1.9226543686797062,147,ANCTF,Cup Without Handle,Cup
58.620689655172406,6.896551724137931,13.793103448275861,13.793103448275861,0.0,0.3673568099167256,0.5,0.0,57.14285714285714,0.0,0.0,0.21609377612796216,1.1777720034151231,0.0,1.0,0.1786367070708142,29,APGE,Cup Without Handle,Flat Base
47.081712062256805,14.785992217898833,16.731517509727624,14.785992217898833,11.284046692607005,0.8843641376003836,0.8837209302325582,0.7631578947368421,48.4375,20.3125,6.25,1.037181950056196,0.90442164839052,0.5234375,1.0,3.736230096127323,257,APOG,Consolidation,Cup
46.64179104477612,16.791044776119403,19.029850746268657,14.925373134328357,10.820895522388058,0.9933970505358617,0.8823529411764706,0.725,50.74626865671642,23.88059701492537,11.940298507462686,1.351682574841329,1.095337442612053,0.21722846441947566,1.0,3.5314546622112606,268,ASH,Cup Without Handle,Cup+Handle
46.58634538152611,17.670682730923694,19.67871485943775,15.261044176706829,11.646586345381527,1.0229311295110268,0.8979591836734694,0.7631578947368421,54.83870967741935,22.58064516129032,12.903225806451612,1.3289277684582141,1.3105583381436055,0.23387096774193547,1.0,3.4208904412737837,249,ASH,Flat Base,Cup
44.957983193277315,19.747899159663866,21.008403361344538,16.80672268907563,13.445378151260504,0.9018321109362473,0.94,0.8,47.45762711864407,23.728813559322035,16.94915254237288,1.2221831665650702,0.8958436211129581,0.24472573839662448,1.0,3.4872865896970175,238,ASH,Consolidation,Cup
53.70370370370371,10.185185185185185,8.333333333333332,4.62962962962963,9.25925925925926,1.4045028012090095,1.2222222222222223,2.0,51.85185185185185,7.4074074074074066,18.51851851851852,1.4849261011937298,1.0183054541337635,0.2,1.0,1.9282401514739544,216,ATLKY,Cup With Handle,Cup+Handle
55.55555555555556,16.666666666666664,8.333333333333332,4.166666666666666,13.88888888888889,1.9936940252729727,2.0,3.3333333333333335,50.0,5.555555555555555,5.555555555555555,1.5756787411067665,2.63021708939405,0.6056338028169014,1.0,1.4096087014349434,72,ATLKY,Cup With Handle,Flat Base
50.306748466257666,21.472392638036812,11.65644171779141,11.042944785276074,12.883435582822086,1.1819939493894547,1.8421052631578947,1.1666666666666667,47.5,7.5,15.0,1.1606701085106237,1.0729741774981043,0.0,1.0,3.9726878783482196,163,AUPH,Cup With Handle,Cup
51.724137931034484,22.413793103448278,15.517241379310345,15.517241379310345,13.793103448275861,1.2625144034491969,1.4444444444444444,0.8888888888888888,41.37931034482759,10.344827586206897,10.344827586206897,0.85741229419288,0.8290547618773527,0.0,1.0,3.080455898871989,116,AUPH,Cup With Handle,Flat Base
50.810810810810814,21.08108108108108,12.432432432432433,11.891891891891893,12.432432432432433,1.1716031908294233,1.6956521739130435,1.0454545454545454,47.82608695652174,15.217391304347828,10.869565217391305,1.1609114522267245,1.011145434464509,0.0,1.0,3.867833542637994,185,AUPH,Cup With Handle,Cup+Handle
48.59154929577465,7.746478873239436,11.971830985915492,8.450704225352112,4.929577464788732,0.7210873471568415,0.6470588235294118,0.5833333333333334,51.42857142857142,20.0,14.285714285714285,2.2969602965192095,0.5404677429255417,0.9290780141843972,1.0,8.654255368234903,142,AVTX,Flat Base,Cup
42.06896551724138,21.379310344827587,17.24137931034483,15.172413793103448,14.482758620689657,0.9258977386304359,1.24,0.9545454545454546,41.66666666666667,5.555555555555555,5.555555555555555,0.7070428098944244,0.8110834794900657,0.3611111111111111,1.0,2.637972420379533,145,AXTA,Cup With Handle,Cup+Handle
45.21739130434783,26.956521739130434,14.782608695652174,13.043478260869565,15.65217391304348,1.24783065041198,1.8235294117647058,1.2,46.42857142857143,7.142857142857142,17.857142857142858,0.8558034735414949,1.3053156216341788,0.7719298245614035,1.0,2.453656871772541,115,BAYRY,Cup Without Handle,Cup
53.63128491620112,15.083798882681565,12.849162011173185,11.731843575418994,9.497206703910614,1.1943776237372166,1.173913043478261,0.8095238095238095,56.81818181818182,15.909090909090908,9.090909090909092,1.3343039398351446,1.7778583109107375,0.028089887640449437,1.0,3.9229065946092048,179,BBIO,Cup Without Handle,Cup
53.07692307692308,16.923076923076923,12.307692307692308,10.76923076923077,14.615384615384617,0.9950499276119757,1.375,1.3571428571428572,40.625,9.375,6.25,0.8775349472876844,0.5539055738272459,0.03875968992248062,1.0,4.285361512419803,130,BBIO,Cup With Handle,Cup+Handle
65.9090909090909,29.545454545454547,9.090909090909092,20.454545454545457,13.636363636363635,2.406868573826677,3.25,0.6666666666666666,72.72727272727273,36.36363636363637,27.27272727272727,1.3981276176398127,2.3148364485981308,0.18604651162790697,1.0,2.7264327209984254,44,BCBP,Consolidation,Cup
43.78109452736319,14.925373134328357,23.88059701492537,19.402985074626866,13.930348258706468,0.7559601165259207,0.625,0.717948717948718,38.0,8.0,8.0,0.8190781969947858,0.6089933640424622,0.095,1.0,1.9486266814144977,201,BCS,Cup Without Handle,Cup
51.931330472103,25.321888412017167,17.167381974248926,14.592274678111588,20.171673819742487,1.1350468130270688,1.475,1.3823529411764706,53.44827586206896,13.793103448275861,24.137931034482758,0.9752500807407051,1.2909547708705071,0.034482758620689655,1.0,2.1947901212417342,233,BHP,Cup With Handle,Cup+Handle
42.61744966442953,14.429530201342283,14.76510067114094,12.416107382550337,8.389261744966444,0.9325683013745122,0.9772727272727273,0.6756756756756757,37.83783783783784,18.91891891891892,10.81081081081081,1.2612940177135301,0.7104489810113376,0.9090909090909091,1.0,2.108909392010913,298,BRDCY,Cup Without Handle,Cup+Handle
57.27272727272727,27.27272727272727,18.181818181818183,10.909090909090908,23.636363636363637,1.4179118732968468,1.5,2.1666666666666665,44.44444444444444,0.0,11.11111111111111,0.896448544298969,1.0963199623665925,0.1651376146788991,1.0,1.641333442562646,110,BTI,Flat Base,Flat Base
53.40501792114696,22.58064516129032,15.053763440860216,12.544802867383511,12.903225806451612,1.2022382470615884,1.5,1.0285714285714285,47.82608695652174,10.144927536231885,8.695652173913043,1.0034157821408678,1.192451038439866,0.29856115107913667,1.0,1.5857180923254757,279,BUD,Cup Without Handle,Cup+Handle
43.20987654320987,13.580246913580247,24.691358024691358,14.814814814814813,12.345679012345679,0.7761835606339845,0.55,0.8333333333333334,35.0,10.0,10.0,0.9700719818739564,0.5332171811111373,0.2125,1.0,4.183529610732636,81,CALY,Cup With Handle,Cup
48.19277108433735,18.072289156626507,21.686746987951807,12.048192771084338,13.253012048192772,0.9226351898588664,0.8333333333333334,1.1,50.0,5.0,10.0,0.8477480758359787,0.8945882590174677,0.5365853658536586,1.0,3.0604247426252207,83,CBT,Cup Without Handle,Cup
51.40845070422535,21.47887323943662,19.014084507042252,14.084507042253522,13.028169014084506,1.085131138209868,1.1296296296296295,0.925,46.478873239436616,21.12676056338028,15.492957746478872,1.0538898110906898,0.9289393991633338,0.5017667844522968,1.0,1.9833026979149768,284,CCEP,Cup With Handle,Cup+Handle
52.54237288135594,18.64406779661017,18.64406779661017,15.254237288135593,10.16949152542373,1.0972919242611583,1.0,0.6666666666666666,42.857142857142854,21.428571428571427,0.0,1.1398081744788373,0.9903091060985798,0.4827586206896552,1.0,6.118358675938818,59,CCSI,Consolidation,Cup
53.359683794466406,18.181818181818183,16.600790513833992,10.67193675889328,13.83399209486166,1.0312384857279029,1.0952380952380953,1.2962962962962963,52.38095238095239,3.1746031746031744,3.1746031746031744,0.6905721455924356,1.2259409488742088,0.0992063492063492,1.0,5.362451720253383,253,CDNA,Consolidation,Consolidation
53.2258064516129,16.129032258064516,16.129032258064516,8.870967741935484,14.516129032258066,1.151224700953553,1.0,1.6363636363636365,45.16129032258064,6.451612903225806,16.129032258064516,0.966851895499512,0.7076155131000689,0.0,1.0,5.177758334325648,124,CGON,Cup Without Handle,Cup
46.22641509433962,14.150943396226415,17.92452830188679,12.264150943396226,10.377358490566039,0.7577505888635648,0.7894736842105263,0.8461538461538461,38.46153846153847,0.0,7.6923076923076925,0.9363809099327727,0.45060706086598973,0.6095238095238096,1.0,2.204656076120722,106,CLH,Flat Base,Flat Base
50.0,17.5,21.25,15.0,12.5,1.0150319020124094,0.8235294117647058,0.8333333333333334,55.00000000000001,10.0,0.0,0.6933954921052686,1.130198569078318,0.12658227848101267,1.0,3.780865041016014,80,CLMT,Cup With Handle,Cup
55.84415584415584,22.51082251082251,14.285714285714285,12.121212121212121,14.285714285714285,1.3213749616543906,1.5757575757575757,1.1785714285714286,56.14035087719298,15.789473684210526,15.789473684210526,1.015309134926146,1.2127290172248366,0.021739130434782608,1.0,2.9747096667625423,231,CMI,Flat Base,Flat Base
45.588235294117645,17.647058823529413,19.11764705882353,16.176470588235293,16.176470588235293,0.889142282429404,0.9230769230769231,1.0,58.82352941176471,11.76470588235294,17.647058823529413,0.9853560523637385,1.7727621940325173,0.13432835820895522,1.0,3.584967935399034,68,CNK,Cup Without Handle,Cup
44.95412844036697,13.761467889908257,14.678899082568808,8.256880733944955,11.009174311926607,0.9384246301479409,0.9375,1.3333333333333333,51.85185185185185,18.51851851851852,33.33333333333333,1.3812039032186045,1.592494994510108,0.7407407407407407,1.0,4.9760198067946275,109,CNMD,Cup With Handle,Cup
44.26229508196721,18.0327868852459,14.754098360655737,9.836065573770492,16.39344262295082,0.9989545700883132,1.2222222222222223,1.6666666666666667,53.333333333333336,6.666666666666667,20.0,1.09781858751798,1.2440589860900368,0.45,1.0,4.309931486371774,61,COLD,Cup With Handle,Cup
51.1482254697286,16.910229645093946,15.657620041753653,10.22964509394572,11.899791231732777,1.1092023572556902,1.08,1.163265306122449,50.42016806722689,11.76470588235294,10.92436974789916,0.8753519799943812,1.098059434314676,0.42677824267782427,1.0,5.918771047412214,479,CORZ,Consolidation,Consolidation
48.57142857142857,17.142857142857142,17.142857142857142,14.285714285714285,11.428571428571429,1.1645330851839741,1.0,0.8,50.0,12.5,12.5,0.8302251812604573,0.8369137329884152,0.29411764705882354,1.0,3.152819064231206,35,CRVL,Flat Base,Flat Base
52.752293577981646,17.431192660550458,21.100917431192663,15.59633027522936,12.385321100917432,1.047617138249197,0.8260869565217391,0.7941176470588235,53.70370370370371,12.962962962962962,20.37037037037037,1.1220999263936413,1.1415734857755948,0.3317972350230415,1.0,3.3195191001273967,218,CTS,Cup Without Handle,Cup
55.172413793103445,22.988505747126435,13.409961685823754,12.260536398467432,17.24137931034483,1.2003428421960585,1.7142857142857142,1.40625,47.69230769230769,7.6923076923076925,23.076923076923077,1.0018019015814565,1.177317855166781,0.04230769230769231,1.0,2.5991661540670687,261,CVS,Consolidation,Cup
52.90697674418605,18.6046511627907,14.534883720930234,11.046511627906977,12.209302325581394,1.2829321313894817,1.28,1.105263157894737,60.46511627906976,6.976744186046512,13.953488372093023,0.9961646770208871,1.8385556403377064,0.7134502923976608,1.0,4.885935171045732,172,CYRX,Flat Base,Cup+Handle
51.74418604651163,17.441860465116278,12.209302325581394,8.720930232558139,9.883720930232558,1.164623639604331,1.4285714285714286,1.1333333333333333,41.86046511627907,16.27906976744186,4.651162790697675,1.2323700880733797,0.9999982571778132,0.08187134502923976,1.0,4.113022597540446,172,CYTK,Consolidation,Cup
47.65625,17.1875,18.359375,12.5,14.453125,0.8687328568151532,0.9361702127659575,1.15625,48.4375,9.375,10.9375,1.0191745920578885,0.8405538197880833,0.0784313725490196,1.0,1.9271799882867018,256,D,Flat Base,Flat Base
58.69565217391305,17.391304347826086,15.217391304347828,13.043478260869565,13.043478260869565,1.2970652877780104,1.1428571428571428,1.0,81.81818181818183,0.0,0.0,0.8048519933573334,4.5302177120660065,0.7333333333333333,1.0,3.089606643395687,46,DBX,Double Bottom,Flat Base
50.607287449392715,20.647773279352226,17.00404858299595,13.360323886639677,14.979757085020243,1.064588532935825,1.2142857142857142,1.121212121212121,42.62295081967213,6.557377049180328,6.557377049180328,0.7691546413200402,0.701836039139517,0.02032520325203252,1.0,2.8903658501733336,247,DHI,Cup Without Handle,Cup
58.74125874125874,19.58041958041958,17.482517482517483,13.286713286713287,15.384615384615385,1.3577460869565217,1.12,1.1578947368421053,65.71428571428571,11.428571428571429,20.0,1.0891960827058844,1.3758238309446595,0.49295774647887325,1.0,6.816866623577869,143,DSP,Cup With Handle,Cup
48.0,17.81818181818182,16.727272727272727,13.090909090909092,12.727272727272727,1.1134326701628792,1.065217391304348,0.9722222222222222,52.94117647058824,23.52941176470588,35.294117647058826,1.943197716033316,1.2634570837103323,0.28832116788321166,1.0,6.846430675311015,275,DUOT,Cup Without Handle,Cup
54.6875,21.875,10.9375,9.375,18.75,1.5795949930358337,2.0,2.0,62.5,0.0,31.25,1.1767102419048052,3.2637396142998703,0.0,1.0,3.697646755102463,64,DVA,Cup Without Handle,Cup
55.55555555555556,22.22222222222222,22.22222222222222,15.873015873015872,19.047619047619047,1.0432238075201774,1.0,1.2,40.0,6.666666666666667,26.666666666666668,0.9248397483899955,0.752518028487991,0.5161290322580645,1.0,4.109832139369822,63,DY,Cup Without Handle,Cup
47.10424710424711,15.444015444015443,17.760617760617762,14.285714285714285,11.196911196911197,0.8383449000919917,0.8695652173913043,0.7837837837837838,39.0625,12.5,12.5,0.9241653600053507,0.6028035355215763,0.6705426356589147,0.8340227994236533,1.731644601806084,259,EADSY,Cup With Handle,Cup+Handle
38.61003861003861,14.671814671814673,22.393822393822393,19.69111969111969,8.494208494208493,0.7457515208625807,0.6551724137931034,0.43137254901960786,37.5,26.5625,15.625,1.2197732147923872,0.6811394254179516,0.0,1.0,8.266267673167555,259,ELTX,Double Bottom,Cup
50.0,26.190476190476193,11.904761904761903,9.523809523809524,16.666666666666664,1.1670214745786562,2.2,1.75,60.0,10.0,20.0,1.1670811252382647,2.139731928019754,0.43902439024390244,1.0,7.4916630825352355,42,ENTG,Consolidation,Cup
48.837209302325576,16.27906976744186,20.930232558139537,17.441860465116278,13.953488372093023,0.9978128771188586,0.7777777777777778,0.8,66.66666666666666,19.047619047619047,28.57142857142857,1.355158173713282,2.375060715634951,0.6705882352941176,1.0,5.235598060842964,86,EPC,Cup Without Handle,Cup
45.11627906976744,20.46511627906977,16.27906976744186,12.093023255813954,16.74418604651163,0.9009565569695908,1.2571428571428571,1.3846153846153846,41.509433962264154,9.433962264150944,20.754716981132077,1.0521203137941315,1.0448438534539837,0.09345794392523364,1.0,4.449534854505465,215,FLYW,Consolidation,Cup
51.515151515151516,18.181818181818183,16.666666666666664,9.090909090909092,12.121212121212121,0.9648242799920251,1.0909090909090908,1.3333333333333333,50.0,6.25,6.25,0.8733522477001806,0.7074336513604493,0.26153846153846155,1.0,5.536752176052227,66,FOXF,Consolidation,Cup
55.86854460093896,20.657276995305164,13.615023474178404,9.389671361502346,18.30985915492958,1.5139156736566453,1.5172413793103448,1.95,50.943396226415096,9.433962264150944,16.9811320754717,0.8466017864786427,1.449203267815255,0.6037735849056604,0.7857142857142857,1.6019517737959503,213,FUJIY,Cup Without Handle,Cup
35.0,12.5,20.0,12.5,10.0,0.6841319656950041,0.625,0.8,50.0,20.0,30.0,1.376693785529073,1.779031300103708,0.23076923076923078,1.0,1.9226658809373334,40,GALDY,Cup With Handle,Flat Base
52.83018867924528,16.352201257861633,13.20754716981132,11.320754716981133,8.80503144654088,1.1309371687950065,1.2380952380952381,0.7777777777777778,56.41025641025641,10.256410256410255,5.128205128205128,1.0535978150116645,1.0288992391238883,0.5949367088607594,1.0,3.384313818805947,159,GIII,Cup With Handle,Cup
52.112676056338024,20.774647887323944,17.253521126760564,11.267605633802818,14.084507042253522,1.0897658873929514,1.2040816326530612,1.25,53.52112676056338,12.676056338028168,11.267605633802818,0.9744739238949149,1.1351043151483737,0.053003533568904596,1.0,2.954006114962895,284,GOLF,Cup Without Handle,Cup
48.64864864864865,18.91891891891892,18.91891891891892,17.56756756756757,12.162162162162163,1.0988032904740395,1.0,0.6923076923076923,55.55555555555556,11.11111111111111,22.22222222222222,1.1954787896914412,1.6748271246932858,0.3150684931506849,1.0,3.3260704748667704,74,GRMN,Cup Without Handle,Cup
60.46511627906976,20.930232558139537,13.953488372093023,11.627906976744185,18.6046511627907,1.7515065202128262,1.5,1.6,90.0,0.0,30.0,1.1101918969841649,11.877314675191508,0.4523809523809524,1.0,5.2387261716274764,43,GRND,Cup Without Handle,Cup
54.23728813559322,18.64406779661017,11.864406779661017,10.16949152542373,10.16949152542373,1.473534842193771,1.5714285714285714,1.0,71.42857142857143,21.428571428571427,14.285714285714285,1.2175545973014328,3.485411395445665,0.43103448275862066,1.0,4.169489890875434,59,GTX,Cup Without Handle,Cup
50.39682539682539,17.857142857142858,19.841269841269842,11.904761904761903,14.682539682539684,1.0043809031027102,0.9,1.2333333333333334,46.03174603174603,12.698412698412698,15.873015873015872,0.9894280048897435,0.9326690921928784,0.21115537848605578,0.7721823803375077,1.9993269298362037,252,HESM,Cup Without Handle,Cup+Handle
49.72972972972973,20.0,17.2972972972973,13.513513513513514,12.972972972972974,1.175830199089116,1.15625,0.96,47.82608695652174,21.73913043478261,15.217391304347828,1.1358510645503583,1.082219398352924,0.1793478260869565,1.0,3.541201354035617,185,HLIO,Consolidation,Cup
53.398058252427184,21.35922330097087,15.53398058252427,6.796116504854369,17.475728155339805,1.2312087270604546,1.375,2.5714285714285716,52.0,0.0,12.0,0.7898948249699126,1.2871665682023385,0.5098039215686274,1.0,1.5768030314096286,103,HSBC,Flat Base,Flat Base
52.94117647058824,23.52941176470588,21.323529411764707,16.176470588235293,16.176470588235293,1.1799890187673236,1.103448275862069,1.0,41.17647058823529,5.88235294117647,14.705882352941178,0.9532611854340627,0.7672388511098485,0.1925925925925926,1.0,2.9291156629798207,136,HWM,Flat Base,Cup
50.56603773584906,13.962264150943396,16.22641509433962,11.320754716981133,11.69811320754717,0.9718950226879087,0.8604651162790697,1.0333333333333334,45.45454545454545,21.21212121212121,16.666666666666664,1.3712649408975046,0.8069309016449849,0.9356060606060606,1.0,3.097394947447014,265,IBM,Cup Without Handle,Cup
48.0,18.0,22.0,16.0,16.0,0.8904500762566117,0.8181818181818182,1.0,58.333333333333336,16.666666666666664,25.0,1.2393386125319936,0.9749639085175899,0.3877551020408163,1.0,3.941722945089109,50,IFS,Cup Without Handle,Cup
45.714285714285715,16.19047619047619,17.142857142857142,16.19047619047619,9.523809523809524,0.8486805089144493,0.9444444444444444,0.5882352941176471,69.23076923076923,7.6923076923076925,7.6923076923076925,0.7882195565744785,3.0791446862606286,0.7019230769230769,1.0,3.9801855049174253,105,INDV,Cup Without Handle,Cup
54.40414507772021,17.098445595854923,15.544041450777202,10.880829015544041,12.435233160621761,1.1510607928288497,1.1,1.1428571428571428,47.91666666666667,6.25,16.666666666666664,0.9336776155528161,1.0977968033747871,0.6770833333333334,1.0,3.465766095708594,193,IQV,Cup With Handle,Cup+Handle
65.42056074766354,23.364485981308412,11.214953271028037,12.149532710280374,16.822429906542055,1.9757820887324296,2.0833333333333335,1.3846153846153846,50.0,11.538461538461538,7.6923076923076925,0.8774997658051956,1.262555038950642,0.02830188679245283,1.0,1.704325815604384,107,IX,Cup Without Handle,Cup
57.9185520361991,10.85972850678733,7.6923076923076925,4.97737556561086,9.049773755656108,1.1978553427676486,1.411764705882353,1.8181818181818181,58.18181818181818,1.8181818181818181,16.363636363636363,1.6791570392066053,1.199515503875969,0.19090909090909092,1.0,1.439109856134912,221,JBAXY,Cup Without Handle,Flat Base
52.352941176470594,21.176470588235293,19.411764705882355,10.588235294117647,15.88235294117647,1.1098457748107824,1.0909090909090908,1.5,57.14285714285714,19.047619047619047,26.190476190476193,1.3336359936887554,1.2274018350519014,0.04142011834319527,1.0,2.4005342010442616,170,KB,Consolidation,Cup
37.142857142857146,17.142857142857142,14.285714285714285,5.714285714285714,14.285714285714285,0.6998499342468077,1.2,2.5,50.0,12.5,12.5,1.1134215969017156,0.8700216611463216,0.6176470588235294,1.0,3.5333213612360255,35,KEYS,Flat Base,Flat Base
45.55555555555556,11.11111111111111,16.666666666666664,12.222222222222221,6.666666666666667,0.6499646164733393,0.6666666666666666,0.5454545454545454,36.36363636363637,22.727272727272727,0.0,0.9160886774231857,0.22625434423187232,0.1348314606741573,1.0,4.773142552273702,90,KRNT,Cup Without Handle,Cup+Handle
48.07692307692308,13.461538461538462,19.230769230769234,11.538461538461538,11.538461538461538,0.9090762213688279,0.7,1.0,61.53846153846154,15.384615384615385,23.076923076923077,1.0023696373933988,2.199526223921536,0.04854368932038835,1.0,3.8651009745365665,104,KRYS,Cup Without Handle,Cup
46.198830409356724,16.95906432748538,19.298245614035086,13.450292397660817,12.280701754385964,0.8386641759749914,0.8787878787878788,0.9130434782608695,47.61904761904761,16.666666666666664,14.285714285714285,1.0411298317414168,0.8475846464832085,0.5647058823529412,0.9347613746628092,4.12062474598202,171,KTB,Cup With Handle,Cup+Handle
41.86046511627907,16.27906976744186,11.627906976744185,11.627906976744185,4.651162790697675,1.564055835595192,1.4,0.4,60.0,20.0,0.0,1.9053382128328822,3.3890053924505694,0.8095238095238095,1.0,7.170833380253801,43,LAKE,Double Bottom,Dbl Bottom
49.46996466431096,18.374558303886925,16.96113074204947,10.954063604240282,13.427561837455832,1.0066985694701382,1.0833333333333333,1.2258064516129032,47.14285714285714,11.428571428571429,15.714285714285714,1.0127848579108558,0.9490500656230993,0.0851063829787234,1.0,2.5131482796024662,283,LH,Cup With Handle,Cup
52.20588235294118,13.23529411764706,13.970588235294118,6.61764705882353,9.558823529411764,1.3015866572333243,0.9473684210526315,1.4444444444444444,41.17647058823529,5.88235294117647,8.823529411764707,1.008754484674655,0.6089195775792039,0.0,1.0,2.9642850541446264,136,LOCO,Double Bottom,Dbl Bottom
54.054054054054056,16.216216216216218,13.513513513513514,5.405405405405405,10.81081081081081,1.249316129718262,1.2,2.0,59.25925925925925,3.7037037037037033,11.11111111111111,0.9166156505354873,1.8702282203527176,0.4909090909090909,1.0,5.881448392258983,111,LQDA,Consolidation,Cup
52.40174672489083,15.72052401746725,13.973799126637553,9.606986899563319,11.353711790393014,1.0119377411467485,1.125,1.1818181818181819,56.14035087719298,7.017543859649122,21.052631578947366,1.4438021651721795,0.8867117978742869,0.09210526315789473,1.0,3.384198896401029,229,LXFR,Cup With Handle,Cup+Handle
47.5177304964539,13.47517730496454,10.638297872340425,7.801418439716312,9.219858156028367,0.8307452677969703,1.2666666666666666,1.1818181818181819,48.57142857142857,11.428571428571429,8.571428571428571,1.234083827213295,0.6130199787665284,0.5928571428571429,1.0,3.286732112865314,141,LZB,Consolidation,Cup
53.66795366795367,17.374517374517374,13.513513513513514,10.424710424710424,14.285714285714285,1.2089385629158735,1.2857142857142858,1.3703703703703705,57.8125,7.8125,17.1875,0.9375254302498717,1.185161524928992,0.0,1.0,3.4059267248018084,259,MEDP,Cup Without Handle,Cup
41.66666666666667,20.833333333333336,25.0,25.0,8.333333333333332,0.8532385456589199,0.8333333333333334,0.3333333333333333,66.66666666666666,33.33333333333333,33.33333333333333,1.495399347004091,2.725708957623304,0.391304347826087,1.0,2.9465637555721154,24,MMM,Cup With Handle,Flat Base
51.89873417721519,22.78481012658228,20.253164556962027,15.18987341772152,16.455696202531644,1.18407483493553,1.125,1.0833333333333333,47.368421052631575,5.263157894736842,10.526315789473683,0.9269213808513906,1.1554550374176134,0.5897435897435898,1.0,2.208445208712354,79,MNST,Cup Without Handle,Cup
48.54368932038835,15.53398058252427,21.35922330097087,12.62135922330097,13.592233009708737,0.8526445804347493,0.7272727272727273,1.0769230769230769,56.00000000000001,0.0,16.0,0.8796118073715077,1.6957789750211496,0.18627450980392157,1.0,2.119114607875142,103,MO,Flat Base,Flat Base
45.45454545454545,20.454545454545457,22.727272727272727,18.181818181818183,15.909090909090908,0.8975284946285464,0.9,0.875,54.54545454545454,9.090909090909092,9.090909090909092,1.0417399724833534,1.332231475916545,0.4186046511627907,1.0,4.176439561574658,44,MORN,Cup Without Handle,Cup
46.08695652173913,19.130434782608695,19.130434782608695,15.65217391304348,15.65217391304348,0.8741664553279728,1.0,1.0,57.14285714285714,10.714285714285714,21.428571428571427,0.9754709022505187,1.4339318245674457,0.38596491228070173,1.0,3.150411036526943,115,MTH,Cup Without Handle,Cup
52.27272727272727,18.75,13.068181818181818,9.090909090909092,11.931818181818182,1.3302149576917013,1.434782608695652,1.3125,54.54545454545454,4.545454545454546,9.090909090909092,0.913839385715912,1.5723176661264182,0.017142857142857144,1.0,2.212103104833129,176,NBBK,Cup With Handle,Flat Base
50.92592592592593,18.51851851851852,18.51851851851852,12.5,13.425925925925927,0.9887526261787267,1.0,1.0740740740740742,40.74074074074074,16.666666666666664,24.074074074074073,1.1056442879749209,0.8052763486112624,0.6883720930232559,1.0,2.7555755587376463,216,NBIX,Cup Without Handle,Cup
48.1981981981982,13.963963963963963,18.01801801801802,14.414414414414415,11.711711711711711,0.8062070661817671,0.775,0.8125,43.63636363636363,12.727272727272727,14.545454545454545,0.9343814233574221,0.7589280435168214,0.4434389140271493,1.0,4.39396956564963,222,NOVT,Cup Without Handle,Cup
47.14285714285714,13.571428571428571,11.428571428571429,10.714285714285714,10.714285714285714,1.0405217658523174,1.1875,1.0,54.285714285714285,20.0,8.571428571428571,1.0307319335009106,1.2806279169028176,0.1366906474820144,1.0,5.747471693787986,140,NVCR,Consolidation,Cup
54.310344827586206,12.931034482758621,15.517241379310345,12.068965517241379,8.620689655172415,0.896283137010614,0.8333333333333334,0.7142857142857143,51.724137931034484,17.24137931034483,13.793103448275861,1.2054592424728359,0.7807593987702592,0.05217391304347826,1.0,2.834846951572939,116,NWSA,Flat Base,Flat Base
53.25670498084292,16.85823754789272,16.47509578544061,11.11111111111111,11.877394636015326,1.18514360924617,1.0232558139534884,1.0689655172413792,50.76923076923077,20.0,24.615384615384617,1.4668136111946692,1.1770583809083315,0.04230769230769231,1.0,2.954499142963562,261,ORA,Cup Without Handle,Cup
44.70588235294118,12.941176470588237,16.470588235294116,8.235294117647058,7.0588235294117645,1.1306432662235568,0.7857142857142857,0.8571428571428571,42.857142857142854,4.761904761904762,9.523809523809524,1.058531549931341,1.5320034665263549,0.6666666666666666,1.0,9.85608864696841,85,OSS,Consolidation,Cup
64.38356164383562,20.54794520547945,16.43835616438356,12.32876712328767,16.43835616438356,1.7769680478474055,1.25,1.3333333333333333,83.33333333333334,5.555555555555555,11.11111111111111,0.8378965337705533,5.342541230780686,0.7638888888888888,1.0,4.457832809134961,73,PARR,Cup Without Handle,Cup
48.28767123287671,15.41095890410959,11.301369863013697,8.904109589041095,7.191780821917808,1.1726767585640587,1.3636363636363635,0.8076923076923077,50.68493150684932,19.17808219178082,10.95890410958904,1.5505092498087305,1.463672418885279,0.25773195876288657,1.0,6.4952210739704155,292,PESI,Cup With Handle,Consolidation
51.32743362831859,21.238938053097346,16.8141592920354,11.504424778761061,15.929203539823009,1.023993121186445,1.263157894736842,1.3846153846153846,46.42857142857143,17.857142857142858,7.142857142857142,1.1023591666165975,0.7556136554122519,0.30357142857142855,1.0,2.6445840861815957,113,PM,Flat Base,Flat Base
56.14035087719298,28.07017543859649,13.157894736842104,8.771929824561402,20.175438596491226,1.4467081548788088,2.1333333333333333,2.3,67.85714285714286,10.714285714285714,17.857142857142858,0.8925876171533019,2.7212585499316004,0.35398230088495575,1.0,4.224406114198516,114,PNTG,Consolidation,Cup
49.54128440366973,16.51376146788991,11.009174311926607,5.5045871559633035,13.761467889908257,1.1838086465535804,1.5,2.5,40.74074074074074,3.7037037037037033,22.22222222222222,1.0137877134655608,1.5888209350523206,0.3425925925925926,1.0,3.432246317779596,109,RAL,Cup Without Handle,Cup
51.85185185185185,29.629629629629626,14.814814814814813,3.7037037037037033,18.51851851851852,1.408418009810792,2.0,5.0,50.0,0.0,33.33333333333333,1.0331611776900835,1.1150946557212262,0.2692307692307692,1.0,4.4207811170657365,27,RDVT,Consolidation,Cup
43.90243902439025,15.853658536585366,18.29268292682927,10.975609756097562,14.634146341463413,0.8883300402731886,0.8666666666666667,1.3333333333333333,50.0,5.0,30.0,1.3857839196732493,1.4571188302430347,0.5432098765432098,1.0,10.381076619276259,82,RDW,Cup Without Handle,Cup
49.80392156862745,14.50980392156863,13.333333333333334,9.411764705882353,10.196078431372548,1.1232871742153958,1.088235294117647,1.0833333333333333,55.55555555555556,25.396825396825395,25.396825396825395,1.9413554138382507,1.120725845515631,0.33070866141732286,1.0,6.627963753788897,255,RELL,Consolidation,Consolidation
46.733668341708544,21.608040201005025,18.592964824120603,13.06532663316583,15.577889447236181,1.180028067281589,1.162162162162162,1.1923076923076923,53.06122448979592,32.6530612244898,36.734693877551024,2.0228740777467253,1.175852575987415,0.7525252525252525,1.0,8.040026246782924,199,RJET,Consolidation,Cup
52.38095238095239,22.61904761904762,14.285714285714285,10.714285714285714,16.666666666666664,1.249746174514438,1.5833333333333333,1.5555555555555556,52.38095238095239,9.523809523809524,23.809523809523807,1.1493659659314703,1.7029993084829993,0.6024096385542169,1.0,7.946866693976233,84,RKLB,Cup With Handle,Cup
44.73684210526316,5.263157894736842,18.421052631578945,18.421052631578945,2.631578947368421,0.518746584394997,0.2857142857142857,0.14285714285714285,33.33333333333333,22.22222222222222,0.0,1.1483506788820275,0.2559957337481733,0.6486486486486487,1.0,7.147436890926557,38,RLAY,Cup Without Handle,Cup
48.0,4.0,4.0,2.0,2.0,4.764428945074107,1.0,1.0,58.333333333333336,8.333333333333332,0.0,2.588129118918692,11.36354521756567,0.40816326530612246,1.0,5.645434650398004,50,RLYB,Flat Base,Cup
51.61290322580645,17.741935483870968,12.903225806451612,11.29032258064516,12.903225806451612,1.491551543281128,1.375,1.1428571428571428,53.333333333333336,6.666666666666667,26.666666666666668,1.360142389999586,2.9798628485763197,0.5409836065573771,1.0,6.346817734254344,62,RNG,Cup Without Handle,Cup
48.627450980392155,19.215686274509807,18.03921568627451,12.549019607843137,13.725490196078432,0.9448573943584614,1.065217391304348,1.09375,38.095238095238095,12.698412698412698,14.285714285714285,1.0365610173007764,0.6127357058845847,0.23228346456692914,1.0,4.643148305648782,255,ROAD,Cup Without Handle,Cup
52.04081632653062,19.897959183673468,17.857142857142858,12.755102040816327,13.26530612244898,1.0906481945785553,1.1142857142857143,1.04,53.06122448979592,16.3265306122449,10.204081632653061,1.0740739639486951,1.0008419249062066,0.30256410256410254,1.0,4.389036716448942,196,ROAD,Cup Without Handle,Cup
48.68421052631579,22.36842105263158,11.842105263157894,7.894736842105263,18.421052631578945,1.0025202425831832,1.8888888888888888,2.3333333333333335,47.368421052631575,10.526315789473683,15.789473684210526,1.0969469494376969,0.9760095747809581,0.0,1.0,3.523647263855265,76,ROIV,Cup With Handle,Cup
52.38095238095239,19.841269841269842,19.444444444444446,12.3015873015873,16.666666666666664,1.063264105580848,1.0204081632653061,1.3548387096774193,50.79365079365079,19.047619047619047,23.809523809523807,1.0735472640842314,1.008884592977067,0.03187250996015936,1.0,2.921773853893782,252,ROK,Cup With Handle,Cup+Handle
48.275862068965516,18.275862068965516,17.93103448275862,14.827586206896552,11.379310344827587,0.9941044674111361,1.0192307692307692,0.7674418604651163,45.83333333333333,22.22222222222222,13.88888888888889,1.1938810183501856,0.7896424988641118,0.45674740484429066,1.0,4.2595351239589405,290,RRX,Cup Without Handle,Cup
47.78761061946903,22.123893805309734,21.238938053097346,14.15929203539823,16.8141592920354,0.889559157975327,1.0416666666666667,1.1875,46.42857142857143,10.714285714285714,7.142857142857142,0.9063970269344328,0.9485522692350731,0.5446428571428571,1.0,2.3236605830683956,113,RTX,Cup With Handle,Cup+Handle
49.8220640569395,14.23487544483986,19.217081850533805,11.032028469750891,11.387900355871885,0.942814462077732,0.7407407407407407,1.032258064516129,52.85714285714286,12.857142857142856,7.142857142857142,1.0353649158038984,0.9717178474846175,0.7142857142857143,0.9837323502649278,3.42171312473054,281,SAIC,Cup With Handle,Cup
54.63917525773196,15.463917525773196,14.776632302405499,10.996563573883162,11.683848797250858,1.1480784304949871,1.0465116279069768,1.0625,45.83333333333333,29.166666666666668,19.444444444444446,1.3345613270202148,0.9710810889795063,0.010344827586206896,1.0,2.112778781593257,291,SAN,Cup With Handle,Consolidation
51.048951048951054,17.482517482517483,16.783216783216783,14.685314685314685,10.48951048951049,1.079279423538831,1.0416666666666667,0.7142857142857143,45.714285714285715,11.428571428571429,17.142857142857142,1.1621357712507294,1.0223138855984943,0.49295774647887325,0.8309037803601442,2.561647659403366,143,SBCF,Cup Without Handle,Flat Base
53.51170568561873,18.394648829431436,18.729096989966553,11.37123745819398,13.712374581939798,1.0418578293906635,0.9821428571428571,1.2058823529411764,52.702702702702695,21.62162162162162,21.62162162162162,1.1586263039199407,0.9719074930003639,0.8624161073825504,0.948598171732673,2.436979366783273,299,SCHW,Cup With Handle,Cup+Handle
50.0,15.354330708661418,20.866141732283463,14.173228346456693,10.62992125984252,0.898234636248663,0.7358490566037735,0.75,55.55555555555556,12.698412698412698,12.698412698412698,1.043365258526635,1.133946631107382,0.7509881422924901,1.0,3.2552763463881242,254,SCSC,Cup Without Handle,Cup
51.5625,19.140625,19.921875,15.234375,15.234375,1.0196401513315823,0.9607843137254902,1.0,50.0,17.1875,18.75,1.0569140674689486,0.9895233477988388,0.1568627450980392,1.0,2.152755995133135,256,SHG,Consolidation,Consolidation
44.751381215469614,18.23204419889503,16.022099447513813,12.70718232044199,12.70718232044199,0.9304109983198343,1.1379310344827587,1.0,51.11111111111111,8.88888888888889,2.2222222222222223,0.8901011326992441,0.9290260709507274,0.6888888888888889,0.6887608243410669,4.127165965973742,181,SIBN,Cup With Handle,Cup+Handle
46.728971962616825,14.018691588785046,14.953271028037381,9.345794392523365,12.149532710280374,0.8326277619368371,0.9375,1.3,57.692307692307686,0.0,7.6923076923076925,0.7942217033366411,1.4791424136592937,0.3018867924528302,1.0,2.4964141495122374,107,SJM,Cup With Handle,Cup+Handle
58.22784810126582,26.582278481012654,13.924050632911392,10.126582278481013,16.455696202531644,1.7522185440126061,1.9090909090909092,1.625,63.1578947368421,21.052631578947366,26.31578947368421,1.4492229634577287,2.1994582202372586,0.23076923076923078,1.0,4.633894999698853,79,SKM,Consolidation,Cup
50.45871559633027,14.678899082568808,19.26605504587156,15.59633027522936,9.174311926605505,0.9549341513362524,0.7619047619047619,0.5882352941176471,62.96296296296296,14.814814814814813,25.925925925925924,1.1724428451383213,2.025271087775368,0.5462962962962963,1.0,3.2210326558221434,109,SKYW,Cup With Handle,Cup
52.38095238095239,14.285714285714285,6.349206349206349,3.1746031746031744,9.523809523809524,0.912605831093317,2.25,3.0,40.0,0.0,13.333333333333334,0.7745528409228851,1.132135728542914,0.0,1.0,4.612174146980703,63,SOLS,Cup With Handle,Cup+Handle
47.5,20.0,20.0,15.0,17.5,1.021742449690048,1.0,1.1666666666666667,50.0,0.0,20.0,0.8386475546023019,1.4494220928180694,0.3076923076923077,1.0,2.713297855237369,40,SOLV,Cup With Handle,Flat Base
52.02952029520295,25.461254612546124,17.712177121771216,12.915129151291513,15.867158671586715,1.210934855698716,1.4375,1.2285714285714286,58.2089552238806,23.88059701492537,20.8955223880597,1.2289928758256454,1.47098938568993,0.27037037037037037,1.0,2.267337885724803,271,SRCE,Flat Base,Cup+Handle
56.36363636363636,20.0,21.818181818181817,10.909090909090908,21.818181818181817,1.1832892872537981,0.9166666666666666,2.0,53.84615384615385,7.6923076923076925,15.384615384615385,0.9104542751145198,0.9809321871429338,0.2777777777777778,1.0,5.088282936475793,55,SVM,Double Bottom,Cup
50.3875968992248,16.666666666666664,13.178294573643413,12.015503875968992,11.24031007751938,1.106640009194226,1.2647058823529411,0.9354838709677419,45.3125,12.5,7.8125,0.9046576938575349,1.0333826525547514,0.12062256809338522,1.0,3.3482193256322574,258,SWBI,Flat Base,Consolidation
52.27272727272727,19.480519480519483,12.987012987012985,11.03896103896104,12.012987012987013,1.276947520427786,1.5,1.088235294117647,49.35064935064935,15.584415584415584,19.480519480519483,1.2636313238372334,1.3666365968813337,0.6254071661237784,1.0,3.3784981668256027,308,SXT,Consolidation,Cup+Handle
52.84552845528455,17.88617886178862,15.040650406504067,12.195121951219512,11.788617886178862,1.2880747212438857,1.1891891891891893,0.9666666666666667,52.459016393442624,9.836065573770492,14.754098360655737,1.0397854948290444,1.4816024690368352,0.7836734693877551,1.0,3.7420408950202293,246,SXT,Cup Without Handle,Cup
52.8957528957529,19.69111969111969,16.602316602316602,13.8996138996139,13.8996138996139,1.1886360019024977,1.186046511627907,1.0,57.8125,10.9375,15.625,0.9252695964871847,1.3339510293737618,0.6744186046511628,0.7802198723511147,2.0062192617911654,259,SYY,Cup With Handle,Cup+Handle
57.14285714285714,14.285714285714285,11.904761904761903,11.904761904761903,7.142857142857142,1.3849279561738106,1.2,0.6,60.0,0.0,20.0,1.2932079137123131,2.7638671333629854,0.0975609756097561,1.0,6.503792208539183,42,TER,Consolidation,Cup
53.956834532374096,18.705035971223023,17.26618705035971,13.309352517985612,8.633093525179856,1.158747895828426,1.0833333333333333,0.6486486486486487,53.62318840579711,21.73913043478261,17.391304347826086,1.1870431100306553,1.091031864458002,0.02527075812274368,1.0,2.116727885749569,278,THG,Flat Base,Flat Base
43.93939393939394,15.151515151515152,24.242424242424242,16.666666666666664,13.636363636363635,0.7615442832388994,0.625,0.8181818181818182,43.75,18.75,6.25,1.0264571786675254,0.7725133657984482,0.47692307692307695,1.0,2.8825111259302516,66,TSN,Consolidation,Flat Base
50.0,21.1864406779661,18.220338983050848,13.135593220338984,17.372881355932204,0.9631906975775468,1.1627906976744187,1.3225806451612903,45.76271186440678,23.728813559322035,18.64406779661017,1.0681628982758997,0.8408793978671072,0.05106382978723404,1.0,3.978610757718847,236,UAL,Consolidation,Cup
55.18672199170125,20.33195020746888,20.33195020746888,12.448132780082988,15.767634854771783,1.1724493852330573,1.0,1.2666666666666666,51.66666666666667,25.0,18.333333333333332,1.1041547799876954,0.9696642334195239,0.0125,1.0,1.7106974555903012,241,UBS,Cup Without Handle,Cup+Handle
51.89873417721519,22.151898734177212,15.822784810126583,12.025316455696203,16.455696202531644,1.2541397415185784,1.4,1.368421052631579,58.97435897435898,10.256410256410255,20.51282051282051,0.9327922559407703,2.053250779793741,0.050955414012738856,1.0,6.2839071429771725,158,URGN,Cup With Handle,Cup
47.61904761904761,19.047619047619047,14.285714285714285,9.523809523809524,19.047619047619047,0.9166254337437473,1.3333333333333333,2.0,30.0,10.0,20.0,0.7799818122464208,0.48245007578376364,0.34146341463414637,1.0,4.6662855566772,42,VIST,Consolidation,Cup
51.42857142857142,21.904761904761905,12.380952380952381,9.523809523809524,13.333333333333334,1.1323174924527675,1.7692307692307692,1.4,57.692307692307686,11.538461538461538,26.923076923076923,1.2493843481449112,1.865872528188461,0.5192307692307693,1.0,6.085335484346296,105,VSXY,Consolidation,Cup
52.820512820512825,20.51282051282051,13.333333333333334,10.256410256410255,13.333333333333334,1.1780203683215607,1.5384615384615385,1.3,56.25,18.75,20.833333333333336,1.3045551342909276,1.1829582407675714,0.0,1.0,3.5157749625370576,195,VVX,Consolidation,Cup
51.7948717948718,19.48717948717949,15.897435897435896,10.256410256410255,12.307692307692308,1.1226970811801251,1.2258064516129032,1.2,50.0,6.25,14.583333333333334,1.0143584816538844,1.150058554242521,0.5103092783505154,0.8304156039637078,3.001558987324906,195,WAT,Cup With Handle,Cup+Handle
56.81818181818182,25.0,13.636363636363635,9.090909090909092,22.727272727272727,1.4353279751491235,1.8333333333333333,2.5,72.72727272727273,9.090909090909092,36.36363636363637,1.0018419580604383,2.9692593342314484,0.3488372093023256,1.0,5.902036280991944,44,WDAY,Cup With Handle,Cup
46.93877551020408,19.387755102040817,20.408163265306122,17.346938775510203,10.204081632653061,0.8087843985750307,0.95,0.5882352941176471,54.166666666666664,25.0,33.33333333333333,1.275390849466327,1.043738169445481,0.7010309278350515,1.0,2.3538107866926663,98,YUM,Flat Base,Flat Base
49.17355371900827,14.46280991735537,23.553719008264462,17.768595041322314,12.396694214876034,0.9057259374900436,0.6140350877192983,0.6976744186046512,46.666666666666664,16.666666666666664,10.0,0.9600631524768639,0.7596691023410511,0.058091286307053944,1.0,5.396016912731421,242,ZETA,Cup Without Handle,Cup
35.294117647058826,13.23529411764706,19.11764705882353,14.705882352941178,8.823529411764707,0.47818210344647244,0.6923076923076923,0.6,47.05882352941176,23.52941176470588,5.88235294117647,1.0471661798337975,0.7342033224584693,0.34328358208955223,1.0,2.812662408385089,68,ZWS,Flat Base,Flat Base
