ticker,status,pattern,shape,pivot,dist_pct,dist_or_sbo,days_in_base,depth_pct,atr21_pct,price_lift,struct_sig_lift,model_win_pct,drivers
PINS,Post-BO,Base,Consolidation,24.71,-4.2,3.0,62,27.1,3.88,2.3,13.6,45.5,$25 price (+2.3); Consolidation (+4.5); depth 27% (+4.4); 62d (+1.5); dis-ratio 15% (+5.0); acc-ratio 29% (+0.5); RS new high before BO (+4.2); volume dry-up (-6.5)
IBCP,Post-BO,Base,Consolidation,39.17,-2.9,4.0,46,15.3,2.28,-1.5,15.2,43.3,$39 price (-1.5); Consolidation (+4.5); depth 15% (+0.1); 46d (+1.6); dis-ratio 17% (+2.9); acc-ratio 33% (+4.3); RS new high before BO (+4.2); shakeout (-2.4)
WCC,Post-BO,Base,Consolidation,377.9,-3.7,2.0,43,20.7,3.91,-4.8,16.2,41.0,$378 price (-4.8); Consolidation (+4.5); depth 21% (+2.2); 43d (+2.3); dis-ratio 16% (+2.9); acc-ratio 30% (+4.3)
HL,In Base,Base,Consolidation,17.38,-3.0,-3.0,35,20.7,5.1,2.3,7.5,39.4,$17 price (+2.3); Consolidation (+4.5); depth 21% (+2.2); 35d (+2.3); dis-ratio 26% (-2.0); acc-ratio 29% (+0.5)
PTHS,In Base,Base,Consolidation,29.76,-4.7,-4.7,28,21.0,7.55,-1.5,10.8,38.9,$30 price (-1.5); Consolidation (+4.5); depth 21% (+2.2); 28d (+0.7); dis-ratio 18% (+2.9); acc-ratio 25% (+0.5)
ENR,In Base,Cup,Cup,23.25,-2.9,-2.9,30,18.2,4.39,2.3,6.4,38.3,$23 price (+2.3); Cup (-1.0); depth 18% (+0.1); 30d (+2.3); dis-ratio 13% (+5.0); acc-ratio 23% (-1.4); cup-bars 1 (+1.4)
VOD,In Base,Base,Consolidation,16.61,-2.5,-2.5,61,22.5,2.9,2.3,6.0,37.9,$17 price (+2.3); Consolidation (+4.5); depth 22% (+2.2); 61d (+1.5); dis-ratio 23% (-0.4); acc-ratio 18% (-1.8)
NUE,Post-BO,Cup,Cup,270.9,0.6,3.0,34,20.8,2.9,-4.8,12.5,37.3,$271 price (-4.8); Cup (-1.0); depth 21% (+2.2); 34d (+2.3); dis-ratio 18% (+2.9); acc-ratio 32% (+4.3); cup-bars 5 (+1.8)
PDEX,In Base,Base,Consolidation,68.99,-5.0,-5.0,46,23.2,5.11,-1.7,9.0,36.9,$69 price (-1.7); Consolidation (+4.5); depth 23% (+2.2); 46d (+1.6); dis-ratio 17% (+2.9); acc-ratio 30% (+4.3); volume dry-up (-6.5)
MLI,Post-BO,Cup,Cup,70.95,-3.0,1.0,35,23.2,2.75,-1.7,8.7,36.6,$71 price (-1.7); Cup (-1.0); depth 23% (+2.2); 35d (+2.3); dis-ratio 17% (+2.9); acc-ratio 29% (+0.5); cup-bars 6 (+1.8)
SDGR,Post-BO,Base,Consolidation,17.82,1.9,1.0,26,18.0,4.03,2.3,4.5,36.4,$18 price (+2.3); Consolidation (+4.5); depth 18% (+0.1); 26d (+0.7); dis-ratio 31% (+1.0); acc-ratio 15% (-1.8)
CEPO,In Base,Base,Consolidation,10.97,-2.9,-2.9,27,19.5,0.22,2.3,4.3,36.2,$11 price (+2.3); Consolidation (+4.5); depth 20% (+0.1); 27d (+0.7); dis-ratio 11% (+5.0); acc-ratio 26% (+0.5); volume dry-up (-6.5)
MKTW,Post-BO,Base,Consolidation,21.42,-5.5,3.0,59,24.1,5.16,2.3,4.2,36.1,$21 price (+2.3); Consolidation (+4.5); depth 24% (+2.2); 59d (+1.6); dis-ratio 22% (-0.4); acc-ratio 24% (-1.4); RS new high before BO (+4.2); volume dry-up (-6.5)
ARES,Post-BO,Cup,Cup,141.9,-3.6,3.0,34,25.4,3.71,-2.8,8.3,35.1,$142 price (-2.8); Cup (-1.0); depth 25% (+4.4); 34d (+2.3); dis-ratio 29% (-2.0); acc-ratio 24% (-1.4); cup-bars 5 (+1.8); RS new high before BO (+4.2)
GTES,Post-BO,Base,Consolidation,29.17,-3.2,4.0,26,15.3,4.1,-1.5,6.8,34.9,$29 price (-1.5); Consolidation (+4.5); depth 15% (+0.1); 26d (+0.7); dis-ratio 19% (+2.9); acc-ratio 23% (-1.4)
BKSY,In Base,Base,Consolidation,30.64,-4.8,-4.8,25,33.8,6.81,-1.5,6.5,34.6,$31 price (-1.5); Consolidation (+4.5); depth 34% (+3.1); 25d (+0.7); dis-ratio 20% (-0.4); acc-ratio 20% (-1.4)
MSFT,Post-BO,Cup,Cup,466.32,7.2,5.0,42,25.1,3.14,-4.8,9.5,34.3,$466 price (-4.8); Cup (-1.0); depth 25% (+4.4); 42d (+2.3); dis-ratio 24% (-0.4); acc-ratio 24% (-1.4); cup-bars 2 (+1.4); RS new high before BO (+4.2)
UAL,In Base,Base,Consolidation,138.77,-4.3,-4.3,25,19.6,3.73,-2.8,7.1,33.9,$139 price (-2.8); Consolidation (+4.5); depth 20% (+0.1); 25d (+0.7); dis-ratio 20% (-0.4); acc-ratio 12% (+2.2)
TFX,Post-BO,Base,Consolidation,139.67,-3.4,4.0,70,15.1,3.83,-2.8,6.8,33.6,$140 price (-2.8); Consolidation (+4.5); depth 15% (+0.1); 70d (+1.5); dis-ratio 17% (+2.9); acc-ratio 30% (+4.3); volume dry-up (-6.5)
OC,In Base,Base,Consolidation,159.91,-1.8,-1.8,27,16.0,3.25,-2.8,6.8,33.6,$160 price (-2.8); Consolidation (+4.5); depth 16% (+0.1); 27d (+0.7); dis-ratio 19% (+2.9); acc-ratio 22% (-1.4)
SGC,In Base,Base,Consolidation,14.59,-3.5,-3.5,38,23.0,5.51,2.3,1.6,33.5,$15 price (+2.3); Consolidation (+4.5); depth 23% (+2.2); 38d (+2.3); dis-ratio 16% (+2.9); acc-ratio 24% (-1.4); volume dry-up (-6.5); shakeout (-2.4)
NESR,In Base,Base,Consolidation,30.31,-4.8,-4.8,26,19.6,4.85,-1.5,5.4,33.5,$30 price (-1.5); Consolidation (+4.5); depth 20% (+0.1); 26d (+0.7); dis-ratio 23% (-0.4); acc-ratio 27% (+0.5)
RCL,Post-BO,Base,Consolidation,333.39,-4.0,3.0,27,16.7,3.62,-4.8,8.5,33.3,$333 price (-4.8); Consolidation (+4.5); depth 17% (+0.1); 27d (+0.7); dis-ratio 33% (+1.0); acc-ratio 11% (+2.2)
CAL,In Base,Cup,Cup,15.04,-3.6,-3.6,44,26.0,4.78,2.3,1.1,33.0,$15 price (+2.3); Cup (-1.0); depth 26% (+4.4); 44d (+2.3); dis-ratio 20% (-0.4); acc-ratio 30% (+0.5); cup-bars 8 (+1.8); volume dry-up (-6.5)
DAL,In Base,Base,Consolidation,95.68,-4.5,-4.5,25,15.7,2.79,-1.7,4.9,32.8,$96 price (-1.7); Consolidation (+4.5); depth 16% (+0.1); 25d (+0.7); dis-ratio 32% (+1.0); acc-ratio 24% (-1.4)
LTM,Post-BO,Base,Consolidation,58.92,-2.5,1.0,27,16.4,3.52,-1.7,4.9,32.8,$59 price (-1.7); Consolidation (+4.5); depth 16% (+0.1); 27d (+0.7); dis-ratio 33% (+1.0); acc-ratio 22% (-1.4)
NTAP,Post-BO,Cup,Cup,192.83,-1.7,3.0,45,22.6,4.13,-2.8,5.7,32.5,$193 price (-2.8); Cup (-1.0); depth 23% (+2.2); 45d (+1.6); dis-ratio 18% (+2.9); acc-ratio 29% (+0.5); cup-bars 9 (+1.8); RS new high before BO (+4.2); volume dry-up (-6.5)
RS,Post-BO,Cup,Cup,419.83,1.0,2.0,35,12.4,2.71,-4.8,7.6,32.4,$420 price (-4.8); Cup (-1.0); depth 12% (-3.6); 35d (+2.3); dis-ratio 20% (-0.4); acc-ratio 34% (+4.3); cup-bars 6 (+1.8); RS new high before BO (+4.2)
FCX,In Base,Cup,Cup,72.28,-3.7,-3.7,35,22.5,4.06,-1.7,4.1,32.0,$72 price (-1.7); Cup (-1.0); depth 23% (+2.2); 35d (+2.3); dis-ratio 40% (+1.0); acc-ratio 17% (-1.8); cup-bars 4 (+1.4)
HELE,In Base,Base,Consolidation,30.68,-3.0,-3.0,38,18.1,4.87,-1.5,3.8,31.9,$31 price (-1.5); Consolidation (+4.5); depth 18% (+0.1); 38d (+2.3); dis-ratio 18% (+2.9); acc-ratio 26% (+0.5); volume dry-up (-6.5)
BYFC,Post-BO,Cup,Cup,10.46,6.4,4.0,55,11.5,2.73,2.3,0.0,31.9,$10 price (+2.3); Cup (-1.0); depth 11% (-3.6); 55d (+1.6); dis-ratio 24% (-0.4); acc-ratio 36% (+4.3); cup-bars 2 (+1.4); RS new high before BO (+4.2); volume dry-up (-6.5)
MCBS,In Base,Base,Flat Base,37.46,-4.6,-4.6,25,11.6,3.12,-1.5,3.8,31.9,$37 price (-1.5); Flat Base (-2.6); depth 12% (-3.6); 25d (+0.7); dis-ratio 12% (+5.0); acc-ratio 32% (+4.3)
ALNT,Post-BO,Base,Consolidation,104.65,7.8,1.0,29,25.1,5.31,-2.8,5.0,31.8,$105 price (-2.8); Consolidation (+4.5); depth 25% (+4.4); 29d (+0.7); dis-ratio 24% (-0.4); acc-ratio 17% (-1.8); shakeout (-2.4)
FIVE,In Base,Base,Consolidation,251.63,-2.9,-2.9,75,31.2,3.28,-4.8,6.9,31.7,$252 price (-4.8); Consolidation (+4.5); depth 31% (+3.1); 75d (+1.5); dis-ratio 24% (-0.4); acc-ratio 27% (+0.5); RS new high before BO (+4.2); volume dry-up (-6.5)
MLR,Post-BO,Base,Flat Base,52.93,3.0,1.0,28,11.7,3.07,-1.7,3.8,31.7,$53 price (-1.7); Flat Base (-2.6); depth 12% (-3.6); 28d (+0.7); dis-ratio 7% (+5.0); acc-ratio 32% (+4.3)
SPYU,Post-BO,Base,Consolidation,36.7,0.2,3.0,43,19.8,3.87,-1.5,3.6,31.7,$37 price (-1.5); Consolidation (+4.5); depth 20% (+0.1); 43d (+2.3); dis-ratio 33% (+1.0); acc-ratio 14% (+2.2); volume dry-up (-6.5)
IT,Post-BO,Cup,Cup,180.45,2.9,3.0,44,31.1,5.23,-2.8,4.7,31.5,$180 price (-2.8); Cup (-1.0); depth 31% (+3.1); 44d (+2.3); dis-ratio 25% (-2.0); acc-ratio 25% (+0.5); cup-bars 6 (+1.8)
LPG,In Base,Cup,Cup,48.12,-4.9,-4.9,54,28.3,4.3,-1.5,3.0,31.1,$48 price (-1.5); Cup (-1.0); depth 28% (+4.4); 54d (+1.6); dis-ratio 28% (-2.0); acc-ratio 22% (-1.4); cup-bars 3 (+1.4)
TX,Post-BO,Cup,Cup,51.73,4.2,2.0,44,20.3,2.83,-1.7,3.1,31.0,$52 price (-1.7); Cup (-1.0); depth 20% (+2.2); 44d (+2.3); dis-ratio 14% (+5.0); acc-ratio 34% (+4.3); cup-bars 11 (-3.2); volume dry-up (-6.5)
PVLA,In Base,Base,Consolidation,161.38,-2.2,-2.2,27,25.3,7.01,-2.8,4.2,31.0,$161 price (-2.8); Consolidation (+4.5); depth 25% (+4.4); 27d (+0.7); dis-ratio 19% (+2.9); acc-ratio 19% (-1.8); volume dry-up (-6.5)
SSDOY,Post-BO,Cup,Cup,22.32,3.8,2.0,82,32.3,4.04,2.3,-1.0,30.9,$22 price (+2.3); Cup (-1.0); depth 32% (+3.1); 82d (+1.5); dis-ratio 23% (-0.4); acc-ratio 27% (+0.5); cup-bars 7 (+1.8); volume dry-up (-6.5)
FRST,In Base,Base,Consolidation,16.77,-3.1,-3.1,29,17.7,2.68,2.3,-1.1,30.8,$17 price (+2.3); Consolidation (+4.5); depth 18% (+0.1); 29d (+0.7); dis-ratio 21% (-0.4); acc-ratio 28% (+0.5); volume dry-up (-6.5)
CLST,In Base,Base,Flat Base,18.16,-4.5,-4.5,88,12.7,2.5,2.3,-1.5,30.4,$18 price (+2.3); Flat Base (-2.6); depth 13% (-3.6); 88d (+1.5); dis-ratio 15% (+5.0); acc-ratio 25% (+0.5); RS new high before BO (+4.2); volume dry-up (-6.5)
ATKR,Post-BO,Base,Consolidation,90.16,3.9,4.0,47,25.1,3.44,-1.7,2.5,30.4,$90 price (-1.7); Consolidation (+4.5); depth 25% (+4.4); 47d (+1.6); dis-ratio 26% (-2.0); acc-ratio 26% (+0.5); volume dry-up (-6.5)
EMPG,In Base,Base,Consolidation,18.14,-4.3,-4.3,211,19.0,0.0,2.3,-1.6,30.3,$18 price (+2.3); Consolidation (+4.5); depth 19% (+0.1); 211d (-11.1); dis-ratio 0% (+5.0); acc-ratio 1% (+2.2); RS new high before BO (+4.2); volume dry-up (-6.5)
BHP,In Base,Cup,Cup,93.83,-4.7,-4.7,34,18.1,2.69,-1.7,2.4,30.3,$94 price (-1.7); Cup (-1.0); depth 18% (+0.1); 34d (+2.3); dis-ratio 38% (+1.0); acc-ratio 21% (-1.4); cup-bars 4 (+1.4)
OCSL,In Base,Cup,Cup,13.39,-3.2,-3.2,77,15.8,2.38,2.3,-1.7,30.2,$13 price (+2.3); Cup (-1.0); depth 16% (+0.1); 77d (+1.5); dis-ratio 21% (-0.4); acc-ratio 25% (-1.4); cup-bars 5 (+1.8); RS new high before BO (+4.2); volume dry-up (-6.5)
SATA,In Base,Base,Consolidation,101.35,-2.5,-2.5,138,22.0,1.3,-2.8,2.8,29.6,$101 price (-2.8); Consolidation (+4.5); depth 22% (+2.2); 138d (-5.0); dis-ratio 17% (+2.9); acc-ratio 30% (+0.5); RS new high before BO (+4.2); volume dry-up (-6.5)
ETN,Post-BO,Base,Consolidation,436.74,2.7,4.0,29,18.0,4.07,-4.8,4.5,29.3,$437 price (-4.8); Consolidation (+4.5); depth 18% (+0.1); 29d (+0.7); dis-ratio 31% (+1.0); acc-ratio 17% (-1.8)
FSLY,Post-BO,Cup,Cup,22.05,4.1,5.0,41,28.6,6.76,2.3,-3.0,28.9,$22 price (+2.3); Cup (-1.0); depth 29% (+4.4); 41d (+2.3); dis-ratio 20% (+2.9); acc-ratio 29% (+0.5); cup-bars 11 (-3.2); volume dry-up (-6.5); shakeout (-2.4)
DXPE,Post-BO,Base,Consolidation,183.91,4.6,1.0,63,25.3,4.95,-2.8,2.1,28.9,$184 price (-2.8); Consolidation (+4.5); depth 25% (+4.4); 63d (+1.5); dis-ratio 21% (-0.4); acc-ratio 24% (-1.4); volume dry-up (-6.5)
RMT,In Base,Base,Flat Base,14.78,-3.7,-3.7,25,9.7,1.95,2.3,-3.1,28.8,$15 price (+2.3); Flat Base (-2.6); depth 10% (-4.4); 25d (+0.7); dis-ratio 36% (+1.0); acc-ratio 12% (+2.2)
EBMT,In Base,Base,Flat Base,24.66,-3.4,-3.4,26,9.1,3.19,2.3,-3.5,28.4,$25 price (+2.3); Flat Base (-2.6); depth 9% (-4.4); 26d (+0.7); dis-ratio 12% (+5.0); acc-ratio 35% (+4.3); volume dry-up (-6.5)
NCZ,In Base,Base,Flat Base,16.0,-1.1,-1.1,33,7.9,2.03,2.3,-4.0,27.9,$16 price (+2.3); Flat Base (-2.6); depth 8% (-4.4); 33d (+2.3); dis-ratio 18% (+2.9); acc-ratio 33% (+4.3); volume dry-up (-6.5)
CFFI,Post-BO,Base,Flat Base,86.18,2.0,2.0,27,11.3,2.85,-1.7,0.0,27.9,$86 price (-1.7); Flat Base (-2.6); depth 11% (-3.6); 27d (+0.7); dis-ratio 15% (+5.0); acc-ratio 30% (+0.5)
MORN,Post-BO,Cup,Cup,196.92,1.2,5.0,40,28.1,3.98,-2.8,1.1,27.9,$197 price (-2.8); Cup (-1.0); depth 28% (+4.4); 40d (+2.3); dis-ratio 22% (-0.4); acc-ratio 28% (+0.5); cup-bars 7 (+1.8); volume dry-up (-6.5)
ZGN,Post-BO,Cup,Cup,15.44,-3.4,1.0,40,18.2,3.8,2.3,-4.0,27.9,$15 price (+2.3); Cup (-1.0); depth 18% (+0.1); 40d (+2.3); dis-ratio 20% (-0.4); acc-ratio 28% (+0.5); cup-bars 11 (-3.2); RS new high before BO (+4.2); volume dry-up (-6.5)
HFBL,In Base,Base,Flat Base,24.0,-2.1,-2.1,25,12.9,2.48,2.3,-4.0,27.9,$24 price (+2.3); Flat Base (-2.6); depth 13% (-3.6); 25d (+0.7); dis-ratio 16% (+2.9); acc-ratio 20% (-1.4)
TPC,Post-BO,Base,Consolidation,100.0,-0.9,1.0,63,31.4,4.54,-2.8,0.8,27.6,$100 price (-2.8); Consolidation (+4.5); depth 31% (+3.1); 63d (+1.5); dis-ratio 24% (-0.4); acc-ratio 22% (-1.4); volume dry-up (-6.5)
NRDBY,In Base,Base,Consolidation,20.61,-1.6,-1.6,133,20.7,1.73,2.3,-4.5,27.4,$21 price (+2.3); Consolidation (+4.5); depth 21% (+2.2); 133d (-5.0); dis-ratio 28% (-2.0); acc-ratio 26% (+0.5); RS new high before BO (+4.2); volume dry-up (-6.5); shakeout (-2.4)
ROKU,Post-BO,Base,Flat Base,148.88,2.8,1.0,37,9.8,1.22,-2.8,0.2,27.0,$149 price (-2.8); Flat Base (-2.6); depth 10% (-4.4); 37d (+2.3); dis-ratio 19% (+2.9); acc-ratio 35% (+4.3); RS new high before BO (+4.2); volume dry-up (-6.5)
MDB,In Base,Base,Consolidation,412.0,-3.2,-3.2,46,29.5,4.82,-4.8,2.2,27.0,$412 price (-4.8); Consolidation (+4.5); depth 29% (+4.4); 46d (+1.6); dis-ratio 22% (-0.4); acc-ratio 24% (-1.4); volume dry-up (-6.5)
PBT,Post-BO,Cup,Cup,32.25,-0.7,3.0,50,25.4,5.49,-1.5,-1.5,26.6,$32 price (-1.5); Cup (-1.0); depth 25% (+4.4); 50d (+1.6); dis-ratio 20% (-0.4); acc-ratio 20% (-1.4); cup-bars 9 (+1.8); volume dry-up (-6.5)
OMRNY,Post-BO,Base,Consolidation,40.76,3.7,2.0,60,23.3,3.19,-1.5,-1.7,26.4,$41 price (-1.5); Consolidation (+4.5); depth 23% (+2.2); 60d (+1.5); dis-ratio 28% (-2.0); acc-ratio 20% (-1.4); volume dry-up (-6.5)
UNTY,In Base,Base,Flat Base,60.86,-2.0,-2.0,29,13.5,2.66,-1.7,-1.6,26.3,$61 price (-1.7); Flat Base (-2.6); depth 14% (-3.6); 29d (+0.7); dis-ratio 21% (-0.4); acc-ratio 34% (+4.3)
AVBH,In Base,Base,Flat Base,34.18,-4.6,-4.6,25,11.7,2.82,-1.5,-1.9,26.2,$34 price (-1.5); Flat Base (-2.6); depth 12% (-3.6); 25d (+0.7); dis-ratio 12% (+5.0); acc-ratio 20% (-1.4)
TEL,In Base,Base,Flat Base,223.76,-3.3,-3.3,75,14.3,3.44,-2.8,-0.8,26.0,$224 price (-2.8); Flat Base (-2.6); depth 14% (-3.6); 75d (+1.5); dis-ratio 21% (-0.4); acc-ratio 32% (+4.3)
ACA,In Base,Base,Flat Base,146.92,-1.4,-1.4,33,2.0,0.38,-2.8,-0.9,25.9,$147 price (-2.8); Flat Base (-2.6); depth 2% (-4.4); 33d (+2.3); dis-ratio 36% (+1.0); acc-ratio 24% (-1.4); RS new high before BO (+4.2)
SKY,Post-BO,Base,Flat Base,90.54,4.6,2.0,28,14.0,3.97,-1.7,-2.1,25.8,$91 price (-1.7); Flat Base (-2.6); depth 14% (-3.6); 28d (+0.7); dis-ratio 18% (+2.9); acc-ratio 25% (+0.5)
DDI,In Base,Cup,Cup,12.35,-4.0,-4.0,53,11.3,1.6,2.3,-6.2,25.7,$12 price (+2.3); Cup (-1.0); depth 11% (-3.6); 53d (+1.6); dis-ratio 25% (-0.4); acc-ratio 30% (+4.3); cup-bars 6 (+1.8); volume dry-up (-6.5); shakeout (-2.4)
THW,In Base,Base,Flat Base,13.79,-0.9,-0.9,25,6.5,1.79,2.3,-6.2,25.7,$14 price (+2.3); Flat Base (-2.6); depth 6% (-4.4); 25d (+0.7); dis-ratio 20% (-0.4); acc-ratio 28% (+0.5)
ATNI,Post-BO,Base,Consolidation,30.45,5.0,1.0,106,26.1,4.12,-1.5,-2.6,25.5,$30 price (-1.5); Consolidation (+4.5); depth 26% (+4.4); 106d (-5.1); dis-ratio 21% (-0.4); acc-ratio 27% (+0.5); volume dry-up (-6.5)
OBT,In Base,Base,Flat Base,40.1,-3.7,-3.7,33,11.2,2.75,-1.5,-2.8,25.3,$40 price (-1.5); Flat Base (-2.6); depth 11% (-3.6); 33d (+2.3); dis-ratio 15% (+2.9); acc-ratio 27% (+0.5); RS new high before BO (+4.2); volume dry-up (-6.5)
CTS,In Base,Base,Consolidation,69.55,-4.0,-4.0,28,18.1,3.64,-1.7,-2.7,25.2,$70 price (-1.7); Consolidation (+4.5); depth 18% (+0.1); 28d (+0.7); dis-ratio 29% (-2.0); acc-ratio 25% (+0.5); volume dry-up (-6.5)
CSL,In Base,Base,Consolidation,398.97,-2.9,-2.9,28,19.7,3.64,-4.8,0.3,25.1,$399 price (-4.8); Consolidation (+4.5); depth 20% (+0.1); 28d (+0.7); dis-ratio 18% (+2.9); acc-ratio 21% (-1.4); volume dry-up (-6.5)
AVT,Post-BO,Base,Consolidation,95.26,1.3,2.0,44,15.9,3.76,-1.7,-3.0,24.9,$95 price (-1.7); Consolidation (+4.5); depth 16% (+0.1); 44d (+2.3); dis-ratio 25% (-2.0); acc-ratio 20% (-1.4); volume dry-up (-6.5)
ESQ,In Base,Base,Consolidation,134.81,-2.5,-2.5,142,30.3,3.17,-2.8,-2.0,24.8,$135 price (-2.8); Consolidation (+4.5); depth 30% (+3.1); 142d (-5.0); dis-ratio 22% (-0.4); acc-ratio 27% (+0.5); RS new high before BO (+4.2); volume dry-up (-6.5); shakeout (-2.4)
STRR,In Base,Base,Flat Base,11.8,-4.2,-4.2,51,14.0,2.79,2.3,-7.2,24.7,$12 price (+2.3); Flat Base (-2.6); depth 14% (-3.6); 51d (+1.6); dis-ratio 24% (-0.4); acc-ratio 31% (+4.3); volume dry-up (-6.5)
P,In Base,Cup,Cup,93.92,-4.1,-4.1,61,31.0,4.99,-1.7,-3.3,24.6,$94 price (-1.7); Cup (-1.0); depth 31% (+3.1); 61d (+1.5); dis-ratio 25% (-0.4); acc-ratio 20% (-1.8); cup-bars 6 (+1.8); volume dry-up (-6.5)
OTSKY,Post-BO,Cup,Cup,37.52,7.8,3.0,55,16.2,2.42,-1.5,-3.9,24.2,$38 price (-1.5); Cup (-1.0); depth 16% (+0.1); 55d (+1.6); dis-ratio 22% (-0.4); acc-ratio 25% (+0.5); cup-bars 8 (+1.8); volume dry-up (-6.5)
CHI,In Base,Base,Flat Base,13.5,-3.4,-3.4,33,11.3,2.03,2.3,-7.7,24.2,$14 price (+2.3); Flat Base (-2.6); depth 11% (-3.6); 33d (+2.3); dis-ratio 27% (-2.0); acc-ratio 18% (-1.8)
WHD,Post-BO,Cup,Cup,64.3,5.6,5.0,46,24.5,3.5,-1.7,-3.8,24.1,$64 price (-1.7); Cup (-1.0); depth 25% (+2.2); 46d (+1.6); dis-ratio 26% (-2.0); acc-ratio 26% (+0.5); cup-bars 1 (+1.4); volume dry-up (-6.5)
AVNS,In Base,Base,Flat Base,25.49,-2.0,-2.0,34,4.0,0.27,-1.5,-4.0,24.1,$25 price (-1.5); Flat Base (-2.6); depth 4% (-4.4); 34d (+2.3); dis-ratio 15% (+5.0); acc-ratio 15% (+2.2); volume dry-up (-6.5)
KYOAY,In Base,Base,Flat Base,25.0,-3.1,-3.1,25,14.8,4.02,-1.5,-4.0,24.1,$25 price (-1.5); Flat Base (-2.6); depth 15% (-3.6); 25d (+0.7); dis-ratio 16% (+2.9); acc-ratio 24% (-1.4)
AVK,In Base,Base,Flat Base,13.28,-4.0,-4.0,46,10.5,1.64,2.3,-8.0,23.9,$13 price (+2.3); Flat Base (-2.6); depth 10% (-3.6); 46d (+1.6); dis-ratio 26% (-2.0); acc-ratio 24% (-1.4)
WTS,In Base,Base,Consolidation,394.54,-0.6,-0.6,27,15.3,2.71,-4.8,-1.1,23.7,$395 price (-4.8); Consolidation (+4.5); depth 15% (+0.1); 27d (+0.7); dis-ratio 22% (-0.4); acc-ratio 30% (+0.5); volume dry-up (-6.5)
AMZN,Post-BO,Cup,Cup,278.56,-1.5,4.0,61,19.0,3.22,-4.8,-1.4,23.4,$279 price (-4.8); Cup (-1.0); depth 19% (+0.1); 61d (+1.5); dis-ratio 26% (-2.0); acc-ratio 25% (-1.4); cup-bars 2 (+1.4)
PRAX,Post-BO,Base,Consolidation,366.52,-1.6,1.0,49,34.9,5.36,-4.8,-1.5,23.3,$367 price (-4.8); Consolidation (+4.5); depth 35% (+3.1); 49d (+1.6); dis-ratio 22% (-0.4); acc-ratio 20% (-1.4); volume dry-up (-6.5); shakeout (-2.4)
MNDY,In Base,Cup,Cup,97.3,-4.3,-4.3,47,31.3,6.76,-1.7,-4.8,23.1,$97 price (-1.7); Cup (-1.0); depth 31% (+3.1); 47d (+1.6); dis-ratio 28% (-2.0); acc-ratio 21% (-1.4); cup-bars 4 (+1.4); volume dry-up (-6.5)
BDL,In Base,Cup,Cup,47.99,-3.9,-3.9,31,23.9,7.56,-1.5,-5.0,23.1,$48 price (-1.5); Cup (-1.0); depth 24% (+2.2); 31d (+2.3); dis-ratio 26% (-2.0); acc-ratio 23% (-1.4); cup-bars 1 (+1.4); volume dry-up (-6.5)
REGN,In Base,Base,Consolidation,821.11,-4.5,-4.5,144,28.0,2.57,-4.8,-1.8,23.0,$821 price (-4.8); Consolidation (+4.5); depth 28% (+4.4); 144d (-5.0); dis-ratio 26% (-2.0); acc-ratio 21% (-1.4); RS new high before BO (+4.2); volume dry-up (-6.5)
ATEYY,In Base,Cup+Handle,Cup+Handle,197.67,4.5,4.5,30,33.9,5.67,-2.8,-3.9,22.9,$198 price (-2.8); Cup+Handle (-1.0); depth 34% (+3.1); 30d (+2.3); dis-ratio 20% (-0.4); acc-ratio 23% (-1.4); volume dry-up (-6.5)
ITT,Post-BO,Cup,Cup,201.83,5.6,3.0,61,9.9,3.1,-2.8,-4.0,22.8,$202 price (-2.8); Cup (-1.0); depth 10% (-4.4); 61d (+1.5); dis-ratio 28% (-2.0); acc-ratio 30% (+0.5); cup-bars 1 (+1.4)
HYNE,In Base,Base,Flat Base,16.86,-4.1,-4.1,28,4.2,0.99,2.3,-9.2,22.7,$17 price (+2.3); Flat Base (-2.6); depth 4% (-4.4); 28d (+0.7); dis-ratio 11% (+5.0); acc-ratio 21% (-1.4); volume dry-up (-6.5)
CNMD,Post-BO,Cup,Cup,47.08,4.7,4.0,106,33.2,5.07,-1.5,-5.4,22.7,$47 price (-1.5); Cup (-1.0); depth 33% (+3.1); 106d (-5.1); dis-ratio 25% (-2.0); acc-ratio 22% (-1.4); cup-bars 17 (-3.2); RS new high before BO (+4.2)
IGV,In Base,Cup,Cup,108.06,-5.0,-5.0,47,22.0,2.69,-2.8,-4.1,22.7,$108 price (-2.8); Cup (-1.0); depth 22% (+2.2); 47d (+1.6); dis-ratio 23% (-0.4); acc-ratio 19% (-1.8); cup-bars 5 (+1.8); volume dry-up (-6.5)
LARK,In Base,Base,Flat Base,32.39,-1.3,-1.3,29,7.7,1.95,-1.5,-5.6,22.5,$32 price (-1.5); Flat Base (-2.6); depth 8% (-4.4); 29d (+0.7); dis-ratio 17% (+2.9); acc-ratio 34% (+4.3); volume dry-up (-6.5)
SLP,In Base,Base,Flat Base,18.68,-1.9,-1.9,27,2.6,0.38,2.3,-9.6,22.3,$19 price (+2.3); Flat Base (-2.6); depth 3% (-4.4); 27d (+0.7); dis-ratio 37% (+1.0); acc-ratio 11% (+2.2); volume dry-up (-6.5)
WF,In Base,Cup,Cup,75.65,-4.0,-4.0,77,26.7,2.81,-1.7,-5.6,22.3,$76 price (-1.7); Cup (-1.0); depth 27% (+4.4); 77d (+1.5); dis-ratio 32% (+1.0); acc-ratio 17% (-1.8); cup-bars 11 (-3.2); volume dry-up (-6.5)
LNC,Post-BO,Cup,Cup,46.82,-1.7,3.0,145,31.3,3.04,-1.5,-6.1,22.0,$47 price (-1.5); Cup (-1.0); depth 31% (+3.1); 145d (-5.0); dis-ratio 23% (-0.4); acc-ratio 25% (-1.4); cup-bars 19 (-3.2); RS new high before BO (+4.2); shakeout (-2.4)
DSGX,In Base,Cup,Cup,81.09,-1.9,-1.9,44,19.0,4.02,-1.7,-5.9,22.0,$81 price (-1.7); Cup (-1.0); depth 19% (+0.1); 44d (+2.3); dis-ratio 23% (-0.4); acc-ratio 23% (-1.4); cup-bars 11 (-3.2); RS new high before BO (+4.2); volume dry-up (-6.5)
ESTC,Post-BO,Cup,Cup,68.72,9.3,4.0,43,22.8,4.16,-1.7,-6.1,21.8,$69 price (-1.7); Cup (-1.0); depth 23% (+2.2); 43d (+2.3); dis-ratio 21% (-0.4); acc-ratio 26% (+0.5); cup-bars 11 (-3.2); volume dry-up (-6.5)
FRAF,In Base,Base,Flat Base,64.88,-3.9,-3.9,25,7.9,3.29,-1.7,-6.2,21.7,$65 price (-1.7); Flat Base (-2.6); depth 8% (-4.4); 25d (+0.7); dis-ratio 20% (-0.4); acc-ratio 28% (+0.5)
VHI,In Base,Cup,Cup,16.31,-2.6,-2.6,122,26.4,3.88,2.3,-10.5,21.4,$16 price (+2.3); Cup (-1.0); depth 26% (+4.4); 122d (-5.0); dis-ratio 27% (-2.0); acc-ratio 20% (-1.4); cup-bars 13 (-3.2); RS new high before BO (+4.2); volume dry-up (-6.5)
MGYR,In Base,Cup,Cup,20.0,-4.8,-4.8,122,19.9,1.77,2.3,-10.6,21.3,$20 price (+2.3); Cup (-1.0); depth 20% (+0.1); 122d (-5.0); dis-ratio 27% (-2.0); acc-ratio 19% (-1.8); cup-bars 3 (+1.4); RS new high before BO (+4.2); volume dry-up (-6.5)
HSHP,In Base,Cup,Cup,16.69,-4.9,-4.9,59,22.5,3.89,2.3,-10.7,21.2,$17 price (+2.3); Cup (-1.0); depth 23% (+2.2); 59d (+1.6); dis-ratio 29% (-2.0); acc-ratio 17% (-1.8); cup-bars 14 (-3.2); volume dry-up (-6.5)
NSTS,In Base,Base,Flat Base,13.84,-0.3,-0.3,52,1.7,0.12,2.3,-10.8,21.1,$14 price (+2.3); Flat Base (-2.6); depth 2% (-4.4); 52d (+1.6); dis-ratio 19% (+2.9); acc-ratio 17% (-1.8); volume dry-up (-6.5)
FNGO,In Base,Cup,Cup,157.5,-2.8,-2.8,47,24.7,3.08,-2.8,-5.7,21.1,$157 price (-2.8); Cup (-1.0); depth 25% (+2.2); 47d (+1.6); dis-ratio 26% (-2.0); acc-ratio 19% (-1.8); cup-bars 6 (+1.8); volume dry-up (-6.5)
ACAD,Post-BO,Cup,Cup,28.35,3.0,2.0,153,29.8,3.09,-1.5,-7.2,20.9,$28 price (-1.5); Cup (-1.0); depth 30% (+4.4); 153d (-5.0); dis-ratio 27% (-2.0); acc-ratio 27% (+0.5); cup-bars 28 (-5.9); RS new high before BO (+4.2); shakeout (-2.4)
TVTX,Post-BO,Base,Flat Base,60.1,2.0,2.0,28,11.8,4.87,-1.7,-7.0,20.9,$60 price (-1.7); Flat Base (-2.6); depth 12% (-3.6); 28d (+0.7); dis-ratio 25% (-2.0); acc-ratio 29% (+0.5)
CNSWF,Post-BO,Cup,Cup,2278.0,2.0,3.0,36,20.8,4.72,-4.8,-4.0,20.8,"$2,278 price (-4.8); Cup (-1.0); depth 21% (+2.2); 36d (+2.3); dis-ratio 33% (+1.0); acc-ratio 22% (-1.4); cup-bars 6 (+1.8); volume dry-up (-6.5); shakeout (-2.4)"
NDSN,Post-BO,Base,Flat Base,307.74,0.8,3.0,27,8.9,1.98,-4.8,-4.0,20.8,$308 price (-4.8); Flat Base (-2.6); depth 9% (-4.4); 27d (+0.7); dis-ratio 30% (-2.0); acc-ratio 33% (+4.3)
MNSB,In Base,Base,Flat Base,25.29,-4.7,-4.7,25,10.4,2.6,-1.5,-7.3,20.8,$25 price (-1.5); Flat Base (-2.6); depth 10% (-3.6); 25d (+0.7); dis-ratio 24% (-0.4); acc-ratio 24% (-1.4)
HAFC,In Base,Base,Flat Base,33.5,-4.7,-4.7,25,10.5,2.25,-1.5,-7.3,20.8,$34 price (-1.5); Flat Base (-2.6); depth 10% (-3.6); 25d (+0.7); dis-ratio 24% (-0.4); acc-ratio 24% (-1.4)
GPN,Post-BO,Base,Consolidation,90.64,-5.0,2.0,238,32.5,3.72,-1.7,-7.3,20.6,$91 price (-1.7); Consolidation (+4.5); depth 33% (+3.1); 238d (-11.1); dis-ratio 28% (-2.0); acc-ratio 26% (+0.5); RS new high before BO (+4.2); volume dry-up (-6.5)
TT,In Base,Base,Flat Base,505.87,-4.7,-4.7,30,13.1,3.17,-4.8,-4.3,20.5,$506 price (-4.8); Flat Base (-2.6); depth 13% (-3.6); 30d (+2.3); dis-ratio 30% (+1.0); acc-ratio 20% (-1.4)
FNGS,Post-BO,Cup,Cup,80.76,0.0,2.0,45,13.2,1.82,-1.7,-7.6,20.3,$81 price (-1.7); Cup (-1.0); depth 13% (-3.6); 45d (+1.6); dis-ratio 22% (-0.4); acc-ratio 27% (+0.5); cup-bars 5 (+1.8); volume dry-up (-6.5)
TIPT,In Base,Base,Flat Base,18.99,-4.6,-4.6,47,9.7,2.29,2.3,-11.9,20.0,$19 price (+2.3); Flat Base (-2.6); depth 10% (-4.4); 47d (+1.6); dis-ratio 23% (-0.4); acc-ratio 23% (-1.4); RS new high before BO (+4.2); volume dry-up (-6.5); shakeout (-2.4)
RMBI,In Base,Base,Flat Base,16.59,-4.6,-4.6,29,13.0,3.04,2.3,-11.9,20.0,$17 price (+2.3); Flat Base (-2.6); depth 13% (-3.6); 29d (+0.7); dis-ratio 21% (-0.4); acc-ratio 28% (+0.5); volume dry-up (-6.5)
JD,In Base,Cup,Cup,34.3,-3.9,-3.9,59,28.4,1.99,-1.5,-8.1,20.0,$34 price (-1.5); Cup (-1.0); depth 28% (+4.4); 59d (+1.6); dis-ratio 25% (-2.0); acc-ratio 22% (-1.4); cup-bars 18 (-3.2); volume dry-up (-6.5)
MT,Post-BO,Cup,Cup,72.5,1.1,3.0,41,19.3,2.74,-1.7,-8.0,19.9,$72 price (-1.7); Cup (-1.0); depth 19% (+0.1); 41d (+2.3); dis-ratio 29% (-2.0); acc-ratio 17% (-1.8); cup-bars 11 (-3.2); shakeout (-2.4)
WSM,Post-BO,Base,Flat Base,244.65,2.9,3.0,27,12.5,2.85,-2.8,-7.0,19.8,$245 price (-2.8); Flat Base (-2.6); depth 12% (-3.6); 27d (+0.7); dis-ratio 30% (-2.0); acc-ratio 26% (+0.5)
EMR,In Base,Cup,Cup,165.15,-4.2,-4.2,122,25.7,3.04,-2.8,-7.0,19.8,$165 price (-2.8); Cup (-1.0); depth 26% (+4.4); 122d (-5.0); dis-ratio 25% (-0.4); acc-ratio 28% (+0.5); cup-bars 10 (-3.2); RS new high before BO (+4.2); volume dry-up (-6.5)
PRLB,Post-BO,Base,Flat Base,83.15,6.9,3.0,33,14.6,4.05,-1.7,-8.1,19.8,$83 price (-1.7); Flat Base (-2.6); depth 15% (-3.6); 33d (+2.3); dis-ratio 27% (-2.0); acc-ratio 36% (+4.3); volume dry-up (-6.5)
UNM,In Base,Base,Flat Base,93.22,-2.9,-2.9,37,11.9,2.45,-1.7,-8.1,19.8,$93 price (-1.7); Flat Base (-2.6); depth 12% (-3.6); 37d (+2.3); dis-ratio 24% (-0.4); acc-ratio 22% (-1.4); shakeout (-2.4)
NX,In Base,Cup,Cup,22.98,-4.4,-4.4,116,32.9,4.32,2.3,-12.3,19.6,$23 price (+2.3); Cup (-1.0); depth 33% (+3.1); 116d (-5.1); dis-ratio 28% (-2.0); acc-ratio 16% (-1.8); cup-bars 19 (-3.2); RS new high before BO (+4.2); volume dry-up (-6.5)
REYN,In Base,Base,Flat Base,27.32,-2.9,-2.9,25,9.9,2.61,-1.5,-8.5,19.6,$27 price (-1.5); Flat Base (-2.6); depth 10% (-4.4); 25d (+0.7); dis-ratio 24% (-0.4); acc-ratio 16% (-1.8)
BTI,Post-BO,Cup,Cup,63.14,-6.1,5.0,51,7.9,2.86,-1.7,-8.3,19.6,$63 price (-1.7); Cup (-1.0); depth 8% (-4.4); 51d (+1.6); dis-ratio 29% (-2.0); acc-ratio 14% (+2.2); cup-bars 9 (+1.8); volume dry-up (-6.5)
COGT,In Base,Cup,Cup,43.73,-3.1,-3.1,166,29.4,4.84,-1.5,-8.6,19.5,$44 price (-1.5); Cup (-1.0); depth 29% (+4.4); 166d (-7.6); dis-ratio 26% (-2.0); acc-ratio 27% (+0.5); cup-bars 5 (+1.8); RS new high before BO (+4.2); volume dry-up (-6.5); shakeout (-2.4)
GAIN,In Base,Cup,Cup,17.14,-3.2,-3.2,64,15.3,2.52,2.3,-12.5,19.4,$17 price (+2.3); Cup (-1.0); depth 15% (+0.1); 64d (+1.5); dis-ratio 30% (-2.0); acc-ratio 20% (-1.4); cup-bars 19 (-3.2); volume dry-up (-6.5)
BNTC,In Base,Cup,Cup,14.33,-4.9,-4.9,76,30.2,5.03,2.3,-12.6,19.3,$14 price (+2.3); Cup (-1.0); depth 30% (+3.1); 76d (+1.5); dis-ratio 28% (-2.0); acc-ratio 18% (-1.8); cup-bars 25 (-5.9); volume dry-up (-6.5)
ATLO,In Base,Cup,Cup,32.16,-2.8,-2.8,35,11.2,2.3,-1.5,-8.8,19.3,$32 price (-1.5); Cup (-1.0); depth 11% (-3.6); 35d (+2.3); dis-ratio 20% (-0.4); acc-ratio 23% (-1.4); cup-bars 6 (+1.8); volume dry-up (-6.5)
BIO,Post-BO,Base,Consolidation,343.12,2.7,2.0,193,31.0,3.09,-4.8,-5.7,19.1,$343 price (-4.8); Consolidation (+4.5); depth 31% (+3.1); 193d (-7.6); dis-ratio 25% (-2.0); acc-ratio 23% (-1.4); RS new high before BO (+4.2); volume dry-up (-6.5)
ATLCY,Post-BO,Cup,Cup,18.96,1.5,3.0,119,22.3,2.08,2.3,-12.8,19.1,$19 price (+2.3); Cup (-1.0); depth 22% (+2.2); 119d (-5.1); dis-ratio 25% (-2.0); acc-ratio 24% (-1.4); cup-bars 18 (-3.2); RS new high before BO (+4.2); volume dry-up (-6.5)
SHC,In Base,Cup,Cup,19.85,-5.0,-5.0,144,34.1,2.94,2.3,-12.9,19.0,$20 price (+2.3); Cup (-1.0); depth 34% (+3.1); 144d (-5.0); dis-ratio 24% (-0.4); acc-ratio 22% (-1.4); cup-bars 37 (-5.9); RS new high before BO (+4.2); volume dry-up (-6.5)
AFRI,In Base,Cup,Cup,11.42,-2.1,-2.1,155,23.7,3.77,2.3,-12.9,19.0,$11 price (+2.3); Cup (-1.0); depth 24% (+2.2); 155d (-5.0); dis-ratio 18% (+2.9); acc-ratio 25% (-1.4); cup-bars 42 (-5.9); RS new high before BO (+4.2); volume dry-up (-6.5); shakeout (-2.4)
ATLKY,Post-BO,Cup,Cup,22.05,0.9,1.0,119,24.7,2.3,2.3,-13.2,18.7,$22 price (+2.3); Cup (-1.0); depth 25% (+2.2); 119d (-5.1); dis-ratio 27% (-2.0); acc-ratio 19% (-1.8); cup-bars 13 (-3.2); RS new high before BO (+4.2); volume dry-up (-6.5)
FUNC,In Base,Base,Flat Base,46.3,-3.4,-3.4,26,9.6,3.0,-1.5,-9.4,18.7,$46 price (-1.5); Flat Base (-2.6); depth 10% (-4.4); 26d (+0.7); dis-ratio 19% (+2.9); acc-ratio 27% (+0.5); volume dry-up (-6.5)
CENT,Post-BO,Base,Flat Base,45.78,-2.3,1.0,29,13.0,3.6,-1.5,-9.4,18.7,$46 price (-1.5); Flat Base (-2.6); depth 13% (-3.6); 29d (+0.7); dis-ratio 28% (-2.0); acc-ratio 28% (+0.5); shakeout (-2.4)
SBGSY,Post-BO,Base,Flat Base,67.15,4.1,5.0,28,11.9,2.54,-1.7,-9.3,18.6,$67 price (-1.7); Flat Base (-2.6); depth 12% (-3.6); 28d (+0.7); dis-ratio 29% (-2.0); acc-ratio 18% (-1.8)
HGTY,In Base,Cup,Cup,14.0,-2.8,-2.8,152,33.1,3.76,2.3,-13.4,18.5,$14 price (+2.3); Cup (-1.0); depth 33% (+3.1); 152d (-5.0); dis-ratio 22% (-0.4); acc-ratio 26% (+0.5); cup-bars 27 (-5.9); RS new high before BO (+4.2); volume dry-up (-6.5); shakeout (-2.4)
CEE,In Base,Base,Flat Base,21.95,-3.1,-3.1,58,7.3,3.08,2.3,-13.4,18.5,$22 price (+2.3); Flat Base (-2.6); depth 7% (-4.4); 58d (+1.6); dis-ratio 26% (-2.0); acc-ratio 26% (+0.5); volume dry-up (-6.5)
RBKB,In Base,Base,Flat Base,12.78,-2.8,-2.8,71,13.9,2.88,2.3,-13.5,18.4,$13 price (+2.3); Flat Base (-2.6); depth 14% (-3.6); 71d (+1.5); dis-ratio 23% (-0.4); acc-ratio 27% (+0.5); volume dry-up (-6.5); shakeout (-2.4)
ETO,Post-BO,Base,Flat Base,31.26,1.5,3.0,42,5.5,1.59,-1.5,-9.8,18.3,$31 price (-1.5); Flat Base (-2.6); depth 6% (-4.4); 42d (+2.3); dis-ratio 31% (+1.0); acc-ratio 24% (-1.4); RS new high before BO (+4.2); volume dry-up (-6.5); shakeout (-2.4)
BVFL,In Base,Base,Flat Base,22.17,-3.3,-3.3,29,11.8,3.55,2.3,-13.8,18.1,$22 price (+2.3); Flat Base (-2.6); depth 12% (-3.6); 29d (+0.7); dis-ratio 24% (-0.4); acc-ratio 24% (-1.4); volume dry-up (-6.5)
DPG,In Base,Base,Flat Base,15.15,-3.8,-3.8,83,7.3,1.3,2.3,-13.8,18.1,$15 price (+2.3); Flat Base (-2.6); depth 7% (-4.4); 83d (+1.5); dis-ratio 23% (-0.4); acc-ratio 23% (-1.4); volume dry-up (-6.5)
CPB,In Base,Base,Flat Base,23.76,-3.0,-3.0,26,10.4,3.31,2.3,-13.8,18.1,$24 price (+2.3); Flat Base (-2.6); depth 10% (-3.6); 26d (+0.7); dis-ratio 23% (-0.4); acc-ratio 23% (-1.4); volume dry-up (-6.5)
EBF,Post-BO,Cup,Cup,22.36,-0.3,3.0,80,12.6,1.93,2.3,-14.1,17.8,$22 price (+2.3); Cup (-1.0); depth 13% (-3.6); 80d (+1.5); dis-ratio 30% (+1.0); acc-ratio 21% (-1.4); cup-bars 33 (-5.9); RS new high before BO (+4.2); volume dry-up (-6.5); shakeout (-2.4)
VTI,Post-BO,Base,Flat Base,374.7,1.9,3.0,43,4.9,1.06,-4.8,-7.0,17.8,$375 price (-4.8); Flat Base (-2.6); depth 5% (-4.4); 43d (+2.3); dis-ratio 23% (-0.4); acc-ratio 26% (+0.5); shakeout (-2.4)
TPR,Post-BO,Cup,Cup,161.97,0.2,1.0,111,20.8,2.76,-2.8,-9.3,17.5,$162 price (-2.8); Cup (-1.0); depth 21% (+2.2); 111d (-5.1); dis-ratio 23% (-0.4); acc-ratio 25% (+0.5); cup-bars 10 (-3.2); RS new high before BO (+4.2); volume dry-up (-6.5)
RICK,In Base,Cup,Cup,28.92,-2.9,-2.9,34,13.6,3.32,-1.5,-10.8,17.3,$29 price (-1.5); Cup (-1.0); depth 14% (-3.6); 34d (+2.3); dis-ratio 26% (-2.0); acc-ratio 21% (-1.4); cup-bars 1 (+1.4); volume dry-up (-6.5)
TR,Post-BO,Cup,Cup,39.81,-0.5,1.0,81,6.6,2.79,-1.5,-10.8,17.3,$40 price (-1.5); Cup (-1.0); depth 7% (-4.4); 81d (+1.5); dis-ratio 25% (-0.4); acc-ratio 25% (-1.4); cup-bars 1 (+1.4); volume dry-up (-6.5)
SSBI,In Base,Cup,Cup,14.0,-4.1,-4.1,133,11.5,1.86,2.3,-14.7,17.2,$14 price (+2.3); Cup (-1.0); depth 12% (-3.6); 133d (-5.0); dis-ratio 22% (-0.4); acc-ratio 22% (-1.4); cup-bars 4 (+1.4); RS new high before BO (+4.2); volume dry-up (-6.5); shakeout (-2.4)
HRTG,Post-BO,Cup,Cup,31.16,5.1,1.0,69,34.3,4.21,-1.5,-11.1,17.0,$31 price (-1.5); Cup (-1.0); depth 34% (+3.1); 69d (+1.5); dis-ratio 20% (-0.4); acc-ratio 28% (+0.5); cup-bars 27 (-5.9); volume dry-up (-6.5); shakeout (-2.4)
TBPH,In Base,Base,Flat Base,17.74,-4.6,-4.6,29,5.3,0.37,2.3,-15.0,16.9,$18 price (+2.3); Flat Base (-2.6); depth 5% (-4.4); 29d (+0.7); dis-ratio 21% (-0.4); acc-ratio 17% (-1.8); volume dry-up (-6.5)
RVTY,In Base,Cup,Cup,118.3,-3.1,-3.1,136,31.3,3.39,-2.8,-10.1,16.7,$118 price (-2.8); Cup (-1.0); depth 31% (+3.1); 136d (-5.0); dis-ratio 20% (+2.9); acc-ratio 29% (+0.5); cup-bars 55 (-5.9); RS new high before BO (+4.2); volume dry-up (-6.5); shakeout (-2.4)
OZK,In Base,Base,Flat Base,53.39,-3.7,-3.7,26,8.5,1.99,-1.7,-11.3,16.6,$53 price (-1.7); Flat Base (-2.6); depth 8% (-4.4); 26d (+0.7); dis-ratio 19% (+2.9); acc-ratio 23% (-1.4); volume dry-up (-6.5)
MGRC,In Base,Base,Flat Base,125.83,-4.8,-4.8,29,11.5,2.74,-2.8,-10.5,16.3,$126 price (-2.8); Flat Base (-2.6); depth 11% (-3.6); 29d (+0.7); dis-ratio 17% (+2.9); acc-ratio 21% (-1.4); volume dry-up (-6.5)
QQQX,In Base,Base,Flat Base,31.87,-4.3,-4.3,48,11.0,1.6,-1.5,-11.9,16.2,$32 price (-1.5); Flat Base (-2.6); depth 11% (-3.6); 48d (+1.6); dis-ratio 31% (+1.0); acc-ratio 17% (-1.8); volume dry-up (-6.5)
BRC,In Base,Cup,Cup,99.29,-2.3,-2.3,117,28.9,2.37,-1.7,-11.7,16.2,$99 price (-1.7); Cup (-1.0); depth 29% (+4.4); 117d (-5.1); dis-ratio 24% (-0.4); acc-ratio 21% (-1.4); cup-bars 32 (-5.9); RS new high before BO (+4.2); volume dry-up (-6.5)
MWA,Post-BO,Cup,Cup,27.41,-2.8,1.0,110,11.1,2.85,-1.5,-12.0,16.1,$27 price (-1.5); Cup (-1.0); depth 11% (-3.6); 110d (-5.1); dis-ratio 24% (-0.4); acc-ratio 22% (-1.4); cup-bars 5 (+1.8); RS new high before BO (+4.2); volume dry-up (-6.5)
NWG,Post-BO,Cup,Cup,19.36,-0.9,4.0,123,28.9,2.34,2.3,-16.0,15.9,$19 price (+2.3); Cup (-1.0); depth 29% (+4.4); 123d (-5.0); dis-ratio 28% (-2.0); acc-ratio 20% (-1.8); cup-bars 21 (-5.9); RS new high before BO (+4.2); volume dry-up (-6.5); shakeout (-2.4)
WSBK,In Base,Base,Flat Base,13.38,-3.0,-3.0,117,8.6,0.67,2.3,-16.2,15.7,$13 price (+2.3); Flat Base (-2.6); depth 9% (-4.4); 117d (-5.1); dis-ratio 25% (-0.4); acc-ratio 21% (-1.4); RS new high before BO (+4.2); volume dry-up (-6.5)
GSAT,Post-BO,Base,Flat Base,84.7,-1.5,4.0,45,7.5,1.22,-1.7,-12.3,15.6,$85 price (-1.7); Flat Base (-2.6); depth 7% (-4.4); 45d (+1.6); dis-ratio 31% (+1.0); acc-ratio 22% (-1.4); volume dry-up (-6.5)
TWO,In Base,Base,Flat Base,12.45,-2.7,-2.7,60,3.5,0.34,2.3,-16.6,15.3,$12 price (+2.3); Flat Base (-2.6); depth 4% (-4.4); 60d (+1.5); dis-ratio 22% (-0.4); acc-ratio 18% (-1.8); volume dry-up (-6.5); shakeout (-2.4)
SBCF,Post-BO,Cup,Cup,35.55,-1.5,1.0,122,19.3,2.27,-1.5,-12.9,15.2,$36 price (-1.5); Cup (-1.0); depth 19% (+0.1); 122d (-5.0); dis-ratio 26% (-2.0); acc-ratio 25% (+0.5); cup-bars 15 (-3.2); RS new high before BO (+4.2); volume dry-up (-6.5)
TXO,In Base,Cup,Cup,14.14,-2.8,-2.8,45,13.4,2.8,2.3,-16.9,15.0,$14 price (+2.3); Cup (-1.0); depth 13% (-3.6); 45d (+1.6); dis-ratio 24% (-0.4); acc-ratio 24% (-1.4); cup-bars 11 (-3.2); volume dry-up (-6.5); shakeout (-2.4)
RLI,In Base,Cup,Cup,67.12,-4.3,-4.3,155,29.6,3.37,-1.7,-12.9,15.0,$67 price (-1.7); Cup (-1.0); depth 30% (+4.4); 155d (-5.0); dis-ratio 27% (-2.0); acc-ratio 23% (-1.4); cup-bars 16 (-3.2); RS new high before BO (+4.2); volume dry-up (-6.5); shakeout (-2.4)
FSEA,Post-BO,Base,Flat Base,17.0,0.6,4.0,34,1.8,0.31,2.3,-17.0,14.9,$17 price (+2.3); Flat Base (-2.6); depth 2% (-4.4); 34d (+2.3); dis-ratio 29% (-2.0); acc-ratio 21% (-1.4); volume dry-up (-6.5); shakeout (-2.4)
AUB,In Base,Base,Flat Base,43.62,-4.2,-4.2,26,7.4,2.11,-1.5,-13.2,14.9,$44 price (-1.5); Flat Base (-2.6); depth 7% (-4.4); 26d (+0.7); dis-ratio 31% (+1.0); acc-ratio 23% (-1.4); volume dry-up (-6.5)
TBBB,Post-BO,Base,Flat Base,43.81,-6.9,3.0,31,12.3,4.2,-1.5,-13.8,14.3,$44 price (-1.5); Flat Base (-2.6); depth 12% (-3.6); 31d (+2.3); dis-ratio 26% (-2.0); acc-ratio 23% (-1.4); volume dry-up (-6.5)
^GSPC,Post-BO,Base,Flat Base,7620.9,1.8,3.0,43,5.0,1.07,-4.8,-10.5,14.3,"$7,621 price (-4.8); Flat Base (-2.6); depth 5% (-4.4); 43d (+2.3); dis-ratio 26% (-2.0); acc-ratio 21% (-1.4); shakeout (-2.4)"
IOSP,Post-BO,Cup,Cup,92.14,0.3,2.0,116,28.9,2.47,-1.7,-13.8,14.1,$92 price (-1.7); Cup (-1.0); depth 29% (+4.4); 116d (-5.1); dis-ratio 26% (-2.0); acc-ratio 26% (+0.5); cup-bars 28 (-5.9); RS new high before BO (+4.2); volume dry-up (-6.5); shakeout (-2.4)
BBT,In Base,Cup,Cup,32.83,-4.0,-4.0,77,16.4,2.28,-1.5,-14.0,14.1,$33 price (-1.5); Cup (-1.0); depth 16% (+0.1); 77d (+1.5); dis-ratio 23% (-0.4); acc-ratio 19% (-1.8); cup-bars 28 (-5.9); volume dry-up (-6.5)
MGDDY,In Base,Cup,Cup,20.48,-2.6,-2.6,120,20.8,1.78,2.3,-17.8,14.1,$20 price (+2.3); Cup (-1.0); depth 21% (+2.2); 120d (-5.0); dis-ratio 28% (-2.0); acc-ratio 23% (-1.4); cup-bars 22 (-5.9); RS new high before BO (+4.2); volume dry-up (-6.5); shakeout (-2.4)
KAI,In Base,Cup,Cup,354.07,-4.6,-4.6,116,21.4,4.09,-4.8,-10.8,14.0,$354 price (-4.8); Cup (-1.0); depth 21% (+2.2); 116d (-5.1); dis-ratio 22% (-0.4); acc-ratio 24% (-1.4); cup-bars 4 (+1.4); volume dry-up (-6.5)
KT,In Base,Cup,Cup,19.06,-2.9,-2.9,116,10.1,2.16,2.3,-18.2,13.7,$19 price (+2.3); Cup (-1.0); depth 10% (-3.6); 116d (-5.1); dis-ratio 29% (-2.0); acc-ratio 17% (-1.8); cup-bars 6 (+1.8); volume dry-up (-6.5)
SOLV,Post-BO,Cup,Cup,88.2,-0.8,5.0,163,29.3,3.36,-1.7,-14.2,13.7,$88 price (-1.7); Cup (-1.0); depth 29% (+4.4); 163d (-7.6); dis-ratio 25% (-0.4); acc-ratio 25% (-1.4); cup-bars 22 (-5.9); RS new high before BO (+4.2); volume dry-up (-6.5)
CCS,In Base,Base,Flat Base,72.91,-2.2,-2.2,27,13.6,4.1,-1.7,-14.2,13.7,$73 price (-1.7); Flat Base (-2.6); depth 14% (-3.6); 27d (+0.7); dis-ratio 22% (-0.4); acc-ratio 19% (-1.8); volume dry-up (-6.5)
CUBI,Post-BO,Cup,Cup,82.56,-0.6,3.0,133,22.8,2.26,-1.7,-14.3,13.6,$83 price (-1.7); Cup (-1.0); depth 23% (+2.2); 133d (-5.0); dis-ratio 24% (-0.4); acc-ratio 26% (+0.5); cup-bars 31 (-5.9); RS new high before BO (+4.2); volume dry-up (-6.5); shakeout (-2.4)
ALH,Post-BO,Cup,Cup,27.48,0.2,2.0,179,32.2,3.18,-1.5,-14.9,13.2,$27 price (-1.5); Cup (-1.0); depth 32% (+3.1); 179d (-7.6); dis-ratio 26% (-2.0); acc-ratio 27% (+0.5); cup-bars 10 (-3.2); RS new high before BO (+4.2); volume dry-up (-6.5); shakeout (-2.4)
AOD,In Base,Cup,Cup,10.77,-1.0,-1.0,111,18.7,1.16,2.3,-19.1,12.8,$11 price (+2.3); Cup (-1.0); depth 19% (+0.1); 111d (-5.1); dis-ratio 26% (-2.0); acc-ratio 22% (-1.4); cup-bars 17 (-3.2); volume dry-up (-6.5)
CZR,In Base,Base,Flat Base,30.83,-2.2,-2.2,30,4.5,0.88,-1.5,-15.4,12.7,$31 price (-1.5); Flat Base (-2.6); depth 4% (-4.4); 30d (+2.3); dis-ratio 20% (-0.4); acc-ratio 23% (-1.4); volume dry-up (-6.5); shakeout (-2.4)
NGVT,In Base,Cup,Cup,79.29,-1.9,-1.9,64,19.3,3.69,-1.7,-15.3,12.6,$79 price (-1.7); Cup (-1.0); depth 19% (+0.1); 64d (+1.5); dis-ratio 28% (-2.0); acc-ratio 17% (-1.8); cup-bars 14 (-3.2); volume dry-up (-6.5); shakeout (-2.4)
MXF,In Base,Cup,Cup,23.0,-4.9,-4.9,111,15.0,2.33,2.3,-19.6,12.3,$23 price (+2.3); Cup (-1.0); depth 15% (+0.1); 111d (-5.1); dis-ratio 25% (-2.0); acc-ratio 26% (+0.5); cup-bars 11 (-3.2); volume dry-up (-6.5); shakeout (-2.4)
SCCO,In Base,Cup,Cup,203.19,-2.0,-2.0,111,18.5,4.13,-2.8,-14.5,12.3,$203 price (-2.8); Cup (-1.0); depth 19% (+0.1); 111d (-5.1); dis-ratio 27% (-2.0); acc-ratio 20% (-1.8); cup-bars 9 (+1.8); volume dry-up (-6.5)
TDY,Post-BO,Cup,Cup,693.38,-0.3,2.0,106,16.5,2.82,-4.8,-12.6,12.2,$693 price (-4.8); Cup (-1.0); depth 16% (+0.1); 106d (-5.1); dis-ratio 25% (-2.0); acc-ratio 24% (-1.4); cup-bars 11 (-3.2)
BST,In Base,Base,Flat Base,51.3,-5.0,-5.0,27,14.2,2.32,-1.7,-15.8,12.1,$51 price (-1.7); Flat Base (-2.6); depth 14% (-3.6); 27d (+0.7); dis-ratio 30% (-2.0); acc-ratio 19% (-1.8); volume dry-up (-6.5)
CCD,In Base,Base,Flat Base,26.1,-0.5,-0.5,45,9.8,2.32,-1.5,-16.1,12.0,$26 price (-1.5); Flat Base (-2.6); depth 10% (-4.4); 45d (+1.6); dis-ratio 24% (-0.4); acc-ratio 24% (-1.4); volume dry-up (-6.5); shakeout (-2.4)
FHN,In Base,Cup,Cup,26.56,-4.1,-4.1,125,20.0,2.18,-1.5,-16.2,11.9,$27 price (-1.5); Cup (-1.0); depth 20% (+2.2); 125d (-5.0); dis-ratio 25% (-0.4); acc-ratio 25% (-1.4); cup-bars 27 (-5.9); RS new high before BO (+4.2); volume dry-up (-6.5); shakeout (-2.4)
FBK,Post-BO,Cup,Cup,62.37,-2.4,2.0,135,21.0,2.1,-1.7,-16.2,11.7,$62 price (-1.7); Cup (-1.0); depth 21% (+2.2); 135d (-5.0); dis-ratio 24% (-0.4); acc-ratio 24% (-1.4); cup-bars 28 (-5.9); RS new high before BO (+4.2); volume dry-up (-6.5); shakeout (-2.4)
KBCSY,Post-BO,Cup,Cup,73.12,1.3,3.0,121,19.9,1.65,-1.7,-16.4,11.5,$73 price (-1.7); Cup (-1.0); depth 20% (+0.1); 121d (-5.0); dis-ratio 23% (-0.4); acc-ratio 27% (+0.5); cup-bars 23 (-5.9); RS new high before BO (+4.2); volume dry-up (-6.5); shakeout (-2.4)
SBGI,Post-BO,Cup,Cup,14.57,-2.5,1.0,179,9.9,4.68,2.3,-21.1,10.8,$15 price (+2.3); Cup (-1.0); depth 10% (-4.4); 179d (-7.6); dis-ratio 26% (-2.0); acc-ratio 23% (-1.4); cup-bars 6 (+1.8); volume dry-up (-6.5)
SWDBY,Post-BO,Cup,Cup,40.58,0.2,3.0,124,20.8,1.64,-1.5,-17.8,10.3,$41 price (-1.5); Cup (-1.0); depth 21% (+2.2); 124d (-5.0); dis-ratio 27% (-2.0); acc-ratio 23% (-1.4); cup-bars 24 (-5.9); RS new high before BO (+4.2); volume dry-up (-6.5); shakeout (-2.4)
JOF,In Base,Cup,Cup,12.76,-3.1,-3.1,115,18.3,1.66,2.3,-21.8,10.1,$13 price (+2.3); Cup (-1.0); depth 18% (+0.1); 115d (-5.1); dis-ratio 25% (-2.0); acc-ratio 22% (-1.4); cup-bars 22 (-5.9); volume dry-up (-6.5)
SAIC,In Base,Cup,Cup,124.11,-3.1,-3.1,304,34.7,2.98,-2.8,-16.8,10.0,$124 price (-2.8); Cup (-1.0); depth 35% (+3.1); 304d (-11.1); dis-ratio 22% (-0.4); acc-ratio 26% (+0.5); cup-bars 17 (-3.2); RS new high before BO (+4.2); volume dry-up (-6.5); shakeout (-2.4)
HQY,Post-BO,Cup,Cup,105.96,-1.3,2.0,172,31.3,2.86,-2.8,-17.6,9.2,$106 price (-2.8); Cup (-1.0); depth 31% (+3.1); 172d (-7.6); dis-ratio 27% (-2.0); acc-ratio 26% (+0.5); cup-bars 34 (-5.9); RS new high before BO (+4.2); volume dry-up (-6.5); shakeout (-2.4)
CWK,Post-BO,Cup,Cup,14.17,-2.4,2.0,134,14.2,4.56,2.3,-22.7,9.2,$14 price (+2.3); Cup (-1.0); depth 14% (-3.6); 134d (-5.0); dis-ratio 27% (-2.0); acc-ratio 23% (-1.4); cup-bars 10 (-3.2); volume dry-up (-6.5)
GIC,Post-BO,Cup,Cup,38.79,0.9,2.0,228,31.9,2.81,-1.5,-19.0,9.1,$39 price (-1.5); Cup (-1.0); depth 32% (+3.1); 228d (-11.1); dis-ratio 21% (-0.4); acc-ratio 21% (-1.4); cup-bars 34 (-5.9); RS new high before BO (+4.2); volume dry-up (-6.5)
PH,Post-BO,Cup,Cup,1034.96,3.8,1.0,112,21.3,2.67,-4.8,-15.9,8.9,"$1,035 price (-4.8); Cup (-1.0); depth 21% (+2.2); 112d (-5.1); dis-ratio 22% (-0.4); acc-ratio 28% (+0.5); cup-bars 15 (-3.2); volume dry-up (-6.5); shakeout (-2.4)"
ZIM,Post-BO,Cup,Cup,26.25,2.5,3.0,116,11.3,3.08,-1.5,-19.4,8.7,$26 price (-1.5); Cup (-1.0); depth 11% (-3.6); 116d (-5.1); dis-ratio 22% (-0.4); acc-ratio 19% (-1.8); cup-bars 3 (+1.4); volume dry-up (-6.5); shakeout (-2.4)
EHC,In Base,Cup,Cup,127.99,-2.2,-2.2,196,27.5,2.82,-2.8,-18.2,8.6,$128 price (-2.8); Cup (-1.0); depth 28% (+4.4); 196d (-7.6); dis-ratio 29% (-2.0); acc-ratio 22% (-1.4); cup-bars 22 (-5.9); RS new high before BO (+4.2); volume dry-up (-6.5); shakeout (-2.4)
ITW,In Base,Cup,Cup,303.16,-2.1,-2.1,121,20.2,2.44,-4.8,-16.2,8.6,$303 price (-4.8); Cup (-1.0); depth 20% (+2.2); 121d (-5.0); dis-ratio 24% (-0.4); acc-ratio 21% (-1.4); cup-bars 23 (-5.9); RS new high before BO (+4.2); volume dry-up (-6.5); shakeout (-2.4)
GILD,Post-BO,Base,Flat Base,137.2,-2.9,2.0,120,7.0,2.98,-2.8,-21.9,8.0,$137 price (-2.8); Flat Base (-2.6); depth 7% (-4.4); 120d (-5.0); dis-ratio 29% (-2.0); acc-ratio 22% (-1.4); volume dry-up (-6.5)
XLB,In Base,Cup,Cup,54.14,-2.4,-2.4,121,13.7,1.7,-1.7,-22.5,8.0,$54 price (-1.7); Cup (-1.0); depth 14% (-3.6); 121d (-5.0); dis-ratio 31% (+1.0); acc-ratio 17% (-1.8); cup-bars 19 (-3.2); volume dry-up (-6.5); shakeout (-2.4)
FAST,Post-BO,Cup,Cup,50.63,2.4,1.0,238,23.0,2.81,-1.7,-20.4,8.0,$51 price (-1.7); Cup (-1.0); depth 23% (+2.2); 238d (-11.1); dis-ratio 24% (-0.4); acc-ratio 26% (+0.5); cup-bars 66 (-5.9); RS new high before BO (+4.2); volume dry-up (-6.5); shakeout (-2.4)
BKE,Post-BO,Cup,Cup,45.86,0.2,1.0,224,8.9,2.65,-1.5,-25.4,8.0,$46 price (-1.5); Cup (-1.0); depth 9% (-4.4); 224d (-11.1); dis-ratio 25% (-2.0); acc-ratio 21% (-1.4); cup-bars 15 (-3.2); RS new high before BO (+4.2); volume dry-up (-6.5)
KOF,Post-BO,Cup,Cup,109.29,1.1,2.0,119,7.6,2.46,-2.8,-21.5,8.0,$109 price (-2.8); Cup (-1.0); depth 8% (-4.4); 119d (-5.1); dis-ratio 30% (+1.0); acc-ratio 22% (-1.4); cup-bars 32 (-5.9); RS new high before BO (+4.2); volume dry-up (-6.5); shakeout (-2.4)
BCPC,In Base,Cup,Cup,183.9,-2.4,-2.4,110,16.9,2.4,-2.8,-19.9,8.0,$184 price (-2.8); Cup (-1.0); depth 17% (+0.1); 110d (-5.1); dis-ratio 24% (-0.4); acc-ratio 23% (-1.4); cup-bars 13 (-3.2); volume dry-up (-6.5); shakeout (-2.4)
URBN,Post-BO,Cup,Cup,79.42,-3.1,2.0,143,17.3,3.6,-1.7,-20.1,8.0,$79 price (-1.7); Cup (-1.0); depth 17% (+0.1); 143d (-5.0); dis-ratio 24% (-0.4); acc-ratio 22% (-1.4); cup-bars 24 (-5.9); volume dry-up (-6.5)
VOO,Post-BO,Base,Flat Base,699.15,1.7,3.0,43,5.0,1.06,-4.8,-17.0,8.0,$699 price (-4.8); Flat Base (-2.6); depth 5% (-4.4); 43d (+2.3); dis-ratio 26% (-2.0); acc-ratio 21% (-1.4); volume dry-up (-6.5); shakeout (-2.4)
WAT,In Base,Cup,Cup,414.15,-3.4,-3.4,172,31.7,3.15,-4.8,-17.6,8.0,$414 price (-4.8); Cup (-1.0); depth 32% (+3.1); 172d (-7.6); dis-ratio 26% (-2.0); acc-ratio 25% (+0.5); cup-bars 47 (-5.9); RS new high before BO (+4.2); volume dry-up (-6.5); shakeout (-2.4)
AS,Post-BO,Cup,Cup,37.51,-1.8,1.0,115,12.8,3.61,-1.5,-22.0,8.0,$38 price (-1.5); Cup (-1.0); depth 13% (-3.6); 115d (-5.1); dis-ratio 22% (-0.4); acc-ratio 25% (+0.5); cup-bars 23 (-5.9); volume dry-up (-6.5)
TBT,In Base,Cup,Cup,39.7,-4.7,-4.7,303,20.2,1.44,-1.5,-23.9,8.0,$40 price (-1.5); Cup (-1.0); depth 20% (+2.2); 303d (-11.1); dis-ratio 25% (-2.0); acc-ratio 23% (-1.4); cup-bars 65 (-5.9); RS new high before BO (+4.2); volume dry-up (-6.5); shakeout (-2.4)
FERG,In Base,Cup,Cup,268.95,-4.6,-4.6,121,20.3,2.87,-4.8,-17.7,8.0,$269 price (-4.8); Cup (-1.0); depth 20% (+2.2); 121d (-5.0); dis-ratio 27% (-2.0); acc-ratio 27% (+0.5); cup-bars 25 (-5.9); volume dry-up (-6.5)
BRK-B,In Base,Cup,Cup,542.07,-3.7,-3.7,317,16.0,1.46,-4.8,-26.0,8.0,$542 price (-4.8); Cup (-1.0); depth 16% (+0.1); 317d (-11.1); dis-ratio 26% (-2.0); acc-ratio 21% (-1.4); cup-bars 28 (-5.9); RS new high before BO (+4.2); volume dry-up (-6.5); shakeout (-2.4)
DBX,Post-BO,Cup,Cup,32.4,8.0,5.0,216,33.0,3.62,-1.5,-20.7,8.0,$32 price (-1.5); Cup (-1.0); depth 33% (+3.1); 216d (-11.1); dis-ratio 25% (-2.0); acc-ratio 19% (-1.8); cup-bars 16 (-3.2); RS new high before BO (+4.2); volume dry-up (-6.5); shakeout (-2.4)
